landmark,held_out_domain,model,n_target,n_events,selected_candidate,harrell_c,event_medape_pct,n_event_medians_available,n_supported_horizons,first_supported_horizon,last_supported_horizon,grid_integrated_brier
50,MIT,km,124,43,,0.5,31.515151515151512,43,5,125,1000,0.16429240180272506
50,MIT,xgb_aft,124,43,1.2,0.7288602941176471,98.1439260490836,43,5,125,1000,0.14503143814164715
50,MIT,lognormal_aft,124,43,10.0,0.6976102941176471,253.57740750248604,43,5,125,1000,0.1934164074976299
50,MIT,cox,124,43,10.0,0.69140625,235.68548387096774,43,5,125,1000,0.1862736689360543
50,MIT,rsf,124,43,8,0.8121553308823529,156.36363636363637,43,5,125,1000,0.1299383284548421
50,XJTU,km,39,21,,0.5,116.02787456445994,21,3,125,500,0.0579659086439133
50,XJTU,xgb_aft,39,21,1.2,0.21585903083700442,67.56186019869361,21,3,125,500,0.3870243603907368
50,XJTU,lognormal_aft,39,21,10.0,0.2555066079295154,31.057836778126795,21,3,125,500,0.14662798923940318
50,XJTU,cox,39,21,10.0,0.2555066079295154,24.59807073954984,21,3,125,500,0.15105802629718798
50,XJTU,rsf,39,21,8,0.3876651982378855,18.971061093247588,21,3,125,500,0.09633497589204933
50,TJU,km,119,75,,0.5,200.62111801242236,75,5,125,1000,0.32000277738405636
50,TJU,xgb_aft,119,75,2.0,0.47966439135381117,41.75737463909647,75,5,125,1000,0.2215097982724364
50,TJU,lognormal_aft,119,75,10.0,0.5631399317406144,78.52212071998682,75,5,125,1000,0.3880031200882533
50,TJU,cox,119,75,10.0,0.5511945392491467,49.557522123893804,75,5,125,1000,0.21310682674972783
50,TJU,rsf,119,75,8,0.5622866894197952,18.84057971014493,75,5,125,1000,0.15922222860413662
50,NASA,km,11,5,,0.5,992.3809523809524,5,1,,,
50,NASA,xgb_aft,11,5,1.2,0.9615384615384616,340.5811360677083,5,1,,,
50,NASA,lognormal_aft,11,5,10.0,0.2692307692307692,344.3611009724241,5,1,,,
50,NASA,cox,11,5,10.0,0.2692307692307692,462.29508196721315,5,1,,,
50,NASA,rsf,11,5,3,0.6923076923076923,474.2857142857143,5,1,,,
50,CALCE,km,9,9,,0.5,103.79965457685665,9,3,125,500,0.040425172122159146
50,CALCE,xgb_aft,9,9,1.2,0.8055555555555556,49.16566093012972,9,3,125,500,0.31497393668840884
50,CALCE,lognormal_aft,9,9,10.0,0.7222222222222222,18.16542490353223,9,3,125,500,0.10202940644174095
50,CALCE,cox,9,9,10.0,0.6944444444444444,12.454212454212454,9,3,125,500,0.034093017154968985
50,CALCE,rsf,9,9,8,0.8333333333333334,16.580310880829018,9,3,125,500,0.11314705827494954
50,HUST,km,77,77,,0.5,62.86072772898369,77,7,125,2000,0.26065208640840215
50,HUST,xgb_aft,77,77,2.0,0.6242735042735043,72.97727252365253,77,7,125,2000,0.13500779988898928
50,HUST,lognormal_aft,77,77,10.0,0.49162393162393164,40.27885379646939,77,7,125,2000,0.1836704519980767
50,HUST,cox,77,77,10.0,0.4666666666666667,38.75683283324916,36,7,125,2000,0.1734036566690033
50,HUST,rsf,77,77,8,0.5184615384615384,69.01408450704226,77,7,125,2000,0.3609334642072326
100,MIT,km,124,43,,0.5,31.515151515151512,43,5,125,1000,0.16322760692258012
100,MIT,xgb_aft,124,43,1.2,0.6848575367647058,198.32803128945707,43,5,125,1000,0.14514535682911414
100,MIT,lognormal_aft,124,43,10.0,0.6734834558823529,248.8678919305026,43,5,125,1000,0.1745997072872714
100,MIT,cox,124,43,10.0,0.6748621323529411,240.3225806451613,43,5,125,1000,0.18541216738834795
100,MIT,rsf,124,43,3,0.4827665441176471,144.95967741935485,43,5,125,1000,0.13887461879622867
100,XJTU,km,39,21,,0.5,116.02787456445994,21,3,125,500,0.05752634546086061
100,XJTU,xgb_aft,39,21,1.2,0.4911894273127753,190.5149776694829,21,3,125,500,0.05506475425707345
100,XJTU,lognormal_aft,39,21,10.0,0.34801762114537443,36.98558993556504,21,3,125,500,0.0835140612197026
100,XJTU,cox,39,21,10.0,0.33480176211453744,13.620689655172413,21,3,125,500,0.07808297080232536
100,XJTU,rsf,39,21,3,0.4779735682819383,121.5986394557823,21,3,125,500,0.06470480844958965
100,TJU,km,119,75,,0.5,200.62111801242236,75,5,125,1000,0.3245073239176029
100,TJU,xgb_aft,119,75,1.2,0.5378270762229806,49.1845492658944,75,5,125,1000,0.19002103855038424
100,TJU,lognormal_aft,119,75,10.0,0.6481797497155859,55.6854298682328,75,5,125,1000,0.2083534181191368
100,TJU,cox,119,75,10.0,0.638509670079636,35.09060955518946,75,5,125,1000,0.1797112850376845
100,TJU,rsf,119,75,8,0.6447667804323094,16.417910447761194,75,5,125,1000,0.15497855724662837
100,NASA,km,8,3,,0.5,825.0,3,1,,,
100,NASA,xgb_aft,8,3,0.6,0.7777777777777778,201.43734886532738,3,1,,,
100,NASA,lognormal_aft,8,3,10.0,0.3333333333333333,33.092146646902144,3,1,,,
100,NASA,cox,8,3,10.0,0.3333333333333333,35.483870967741936,3,1,,,
100,NASA,rsf,8,3,3,0.5555555555555556,252.4193548387097,3,1,,,
100,CALCE,km,9,9,,0.5,103.79965457685665,9,3,125,500,0.039766365902464615
100,CALCE,xgb_aft,9,9,1.2,0.7777777777777778,49.191473926287244,9,3,125,500,0.2544621270351074
100,CALCE,lognormal_aft,9,9,10.0,0.7222222222222222,28.848400118283447,9,3,125,500,0.1541661977819193
100,CALCE,cox,9,9,10.0,0.7222222222222222,15.892420537897312,9,3,125,500,0.10229584845869442
100,CALCE,rsf,9,9,3,0.75,23.4718826405868,9,3,125,500,0.17726449289622606
100,HUST,km,77,77,,0.5,62.86072772898369,77,7,125,2000,0.2589402661190184
100,HUST,xgb_aft,77,77,1.2,0.6555555555555556,50.32401339506427,77,7,125,2000,0.11669433339766874
100,HUST,lognormal_aft,77,77,10.0,0.5097435897435898,38.2616199612452,77,7,125,2000,0.1786360399019462
100,HUST,cox,77,77,10.0,0.5046153846153846,35.445420326223335,31,7,125,2000,0.1684696077225104
100,HUST,rsf,77,77,8,0.6731623931623931,68.05555555555556,77,7,125,2000,0.3074141643964019
