landmark,held_out_domain,model,horizon_cycle,n_target,n_target_events,n_at_risk_after_horizon,censor_survival,supported,ipcw_brier,mean_predicted_risk,km_observed_risk,source_extrapolation
50,MIT,km,125,124,43,124,1.0,1,0.00025202492753956067,0.015875292990668255,0.0,0
50,MIT,km,250,124,43,123,1.0,1,0.01355628181325514,0.08260847701533279,0.008064516129032251,0
50,MIT,km,500,124,43,100,1.0,1,0.1606315016637364,0.2609582729795212,0.19354838709677402,0
50,MIT,km,750,124,43,61,0.7568829688462356,1,0.2671321340113922,0.5490907359481694,0.3500507950114712,0
50,MIT,km,1000,124,43,29,0.35982960814001347,1,0.27405910608516576,0.5657910790612001,0.3500507950114712,0
50,MIT,km,1500,124,43,8,0.09926334017655543,0,,0.7272277291538307,,0
50,MIT,km,2000,124,43,2,0.02481583504413886,0,,0.9554657516985846,,0
50,MIT,xgb_aft,125,124,43,124,1.0,1,0.0003055548182024852,0.01685419370659728,0.0,0
50,MIT,xgb_aft,250,124,43,123,1.0,1,0.014949893013263596,0.09504742761665498,0.008064516129032251,0
50,MIT,xgb_aft,500,124,43,100,1.0,1,0.15523098936390625,0.26185103896712975,0.19354838709677402,0
50,MIT,xgb_aft,750,124,43,61,0.7568829688462356,1,0.2185350569287448,0.3931706227125361,0.3500507950114712,0
50,MIT,xgb_aft,1000,124,43,29,0.35982960814001347,1,0.24511035747723128,0.49295630122984646,0.3500507950114712,0
50,MIT,xgb_aft,1500,124,43,8,0.09926334017655543,0,,0.6305378185969215,,0
50,MIT,xgb_aft,2000,124,43,2,0.02481583504413886,0,,0.7187671942559108,,0
50,MIT,lognormal_aft,125,124,43,124,1.0,1,0.008062111059097779,0.008111505678398283,0.0,0
50,MIT,lognormal_aft,250,124,43,123,1.0,1,0.016564818618582985,0.010085016086353319,0.008064516129032251,0
50,MIT,lognormal_aft,500,124,43,100,1.0,1,0.20233993606735673,0.022042560595476487,0.19354838709677402,0
50,MIT,lognormal_aft,750,124,43,61,0.7568829688462356,1,0.31982129791804076,0.06717756196314208,0.3500507950114712,0
50,MIT,lognormal_aft,1000,124,43,29,0.35982960814001347,1,0.28071410105519085,0.15688085505678384,0.3500507950114712,0
50,MIT,lognormal_aft,1500,124,43,8,0.09926334017655543,0,,0.39521791034994247,,0
50,MIT,lognormal_aft,2000,124,43,2,0.02481583504413886,0,,0.6062437846009711,,0
50,MIT,cox,125,124,43,124,1.0,1,0.00806896689431376,0.008965230710231161,0.0,0
50,MIT,cox,250,124,43,123,1.0,1,0.01610307499085867,0.013390078135736078,0.008064516129032251,0
50,MIT,cox,500,124,43,100,1.0,1,0.19542815091023427,0.031040803201432647,0.19354838709677402,0
50,MIT,cox,750,124,43,61,0.7568829688462356,1,0.2938570318585389,0.11522922975336197,0.3500507950114712,0
50,MIT,cox,1000,124,43,29,0.35982960814001347,1,0.2971562210813889,0.12994302423156043,0.3500507950114712,0
50,MIT,cox,1500,124,43,8,0.09926334017655543,0,,0.3665414897715834,,0
50,MIT,cox,2000,124,43,2,0.02481583504413886,0,,0.81991005649719,,0
50,MIT,rsf,125,124,43,124,1.0,1,1.5510375332940396e-05,0.0018598121656520988,0.0,0
50,MIT,rsf,250,124,43,123,1.0,1,0.00693806234715685,0.042927112556243256,0.008064516129032251,0
50,MIT,rsf,500,124,43,100,1.0,1,0.14013074992854196,0.1583055498338665,0.19354838709677402,0
50,MIT,rsf,750,124,43,61,0.7568829688462356,1,0.20302991366837225,0.2204545117398992,0.3500507950114712,0
50,MIT,rsf,1000,124,43,29,0.35982960814001347,1,0.21283212328166448,0.22070377672929575,0.3500507950114712,0
50,MIT,rsf,1500,124,43,8,0.09926334017655543,0,,0.7103764977921412,,0
50,MIT,rsf,2000,124,43,2,0.02481583504413886,0,,0.9657719616837879,,0
50,XJTU,km,125,39,21,39,1.0,1,0.00014090604880564314,0.011870385368876746,0.0,0
50,XJTU,km,250,39,21,33,0.8461538461538461,1,0.004042926883474797,0.06358401437055382,0.0,0
50,XJTU,km,500,39,21,16,0.5203869529255225,1,0.16776288258212488,0.24194660125768871,0.2116320212295444,0
50,XJTU,km,750,39,21,0,0.5203869529255225,0,,0.4371581610954786,,0
50,XJTU,km,1000,39,21,0,0.5203869529255225,0,,0.45219061075130385,,0
50,XJTU,km,1500,39,21,0,0.5203869529255225,0,,0.6321917710120459,,0
50,XJTU,km,2000,39,21,0,0.5203869529255225,0,,0.9195653612382546,,0
50,XJTU,xgb_aft,125,39,21,39,1.0,1,0.08688638032191018,0.27892093338523294,0.0,0
50,XJTU,xgb_aft,250,39,21,33,0.8461538461538461,1,0.33526642489175695,0.5731406715563304,0.0,0
50,XJTU,xgb_aft,500,39,21,16,0.5203869529255225,1,0.6147302536736198,0.7896309464189704,0.2116320212295444,0
50,XJTU,xgb_aft,750,39,21,0,0.5203869529255225,0,,0.8719316427009333,,0
50,XJTU,xgb_aft,1000,39,21,0,0.5203869529255225,0,,0.9131511786345967,,0
50,XJTU,xgb_aft,1500,39,21,0,0.5203869529255225,0,,0.9522378487704768,,0
50,XJTU,xgb_aft,2000,39,21,0,0.5203869529255225,0,,0.9698466166446298,,0
50,XJTU,lognormal_aft,125,39,21,39,1.0,1,6.806763850439019e-05,0.006066078128177246,0.0,0
50,XJTU,lognormal_aft,250,39,21,33,0.8461538461538461,1,0.021953120002864937,0.13288768501893067,0.0,0
50,XJTU,lognormal_aft,500,39,21,16,0.5203869529255225,1,0.4069202538946599,0.5090659817723454,0.2116320212295444,0
50,XJTU,lognormal_aft,750,39,21,0,0.5203869529255225,0,,0.7352940957503772,,0
50,XJTU,lognormal_aft,1000,39,21,0,0.5203869529255225,0,,0.851150444912862,,0
50,XJTU,lognormal_aft,1500,39,21,0,0.5203869529255225,0,,0.9456305644602606,,0
50,XJTU,lognormal_aft,2000,39,21,0,0.5203869529255225,0,,0.9768802928396365,,0
50,XJTU,cox,125,39,21,39,1.0,1,0.0004998417750046604,0.020965342812290868,0.0,0
50,XJTU,cox,250,39,21,33,0.8461538461538461,1,0.01825642759546435,0.128083575043246,0.0,0
50,XJTU,cox,500,39,21,16,0.5203869529255225,1,0.42553951661086503,0.542622647708431,0.2116320212295444,0
50,XJTU,cox,750,39,21,0,0.5203869529255225,0,,0.8452866222987165,,0
50,XJTU,cox,1000,39,21,0,0.5203869529255225,0,,0.8631190082779663,,0
50,XJTU,cox,1500,39,21,0,0.5203869529255225,0,,0.9699557802013506,,0
50,XJTU,cox,2000,39,21,0,0.5203869529255225,0,,0.9991059741032777,,0
50,XJTU,rsf,125,39,21,39,1.0,1,0.0022619105575769046,0.04647697454916337,0.0,0
50,XJTU,rsf,250,39,21,33,0.8461538461538461,1,0.006443290755695215,0.08040714285682703,0.0,0
50,XJTU,rsf,500,39,21,16,0.5203869529255225,1,0.2782090362638167,0.43490694131247737,0.2116320212295444,0
50,XJTU,rsf,750,39,21,0,0.5203869529255225,0,,0.7222703817907324,,0
50,XJTU,rsf,1000,39,21,0,0.5203869529255225,0,,0.7608428527352538,,0
50,XJTU,rsf,1500,39,21,0,0.5203869529255225,0,,0.846061870611299,,0
50,XJTU,rsf,2000,39,21,0,0.5203869529255225,0,,0.9443540969575411,,0
50,TJU,km,125,119,75,117,0.9831932773109244,1,0.00024134306851520976,0.015535220259629723,0.0,0
50,TJU,km,250,119,75,74,0.7197968166683483,1,0.1301799552346958,0.023395312822557912,0.13599902955313947,0
50,TJU,km,500,119,75,33,0.569376444040601,1,0.38437807077255554,0.14607084387422795,0.5129126213905459,0
50,TJU,km,750,119,75,4,0.5394092627753062,1,0.42442297346692404,0.3326829515479194,0.9376790559354907,0
50,TJU,km,1000,119,75,2,0.5394092627753062,1,0.42702674882313435,0.33886181310766106,0.9688395279677453,0
50,TJU,km,1500,119,75,0,0.5394092627753062,0,,0.5473920768087195,,0
50,TJU,km,2000,119,75,0,0.5394092627753062,0,,0.9010208257091851,,0
50,TJU,xgb_aft,125,119,75,117,0.9831932773109244,1,0.03265359125171461,0.1708728473358457,0.0,0
50,TJU,xgb_aft,250,119,75,74,0.7197968166683483,1,0.14771073286781392,0.3174484012523366,0.13599902955313947,0
50,TJU,xgb_aft,500,119,75,33,0.569376444040601,1,0.3048242224735828,0.4669389085692976,0.5129126213905459,0
50,TJU,xgb_aft,750,119,75,4,0.5394092627753062,1,0.2523711367753621,0.5516460407452503,0.9376790559354907,0
50,TJU,xgb_aft,1000,119,75,2,0.5394092627753062,1,0.1982849744815867,0.6089394552614386,0.9688395279677453,0
50,TJU,xgb_aft,1500,119,75,0,0.5394092627753062,0,,0.6841166438547901,,0
50,TJU,xgb_aft,2000,119,75,0,0.5394092627753062,0,,0.7326617436702823,,0
50,TJU,lognormal_aft,125,119,75,117,0.9831932773109244,1,0.25241360344548297,0.4619164720311859,0.0,0
50,TJU,lognormal_aft,250,119,75,74,0.7197968166683483,1,0.6524797959310669,0.8503860549656407,0.13599902955313947,0
50,TJU,lognormal_aft,500,119,75,33,0.569376444040601,1,0.5556341343210939,0.9206634269270663,0.5129126213905459,0
50,TJU,lognormal_aft,750,119,75,4,0.5394092627753062,1,0.1825244919169066,0.9274700471845782,0.9376790559354907,0
50,TJU,lognormal_aft,1000,119,75,2,0.5394092627753062,1,0.13477809252243036,0.9330972197394112,0.9688395279677453,0
50,TJU,lognormal_aft,1500,119,75,0,0.5394092627753062,0,,0.9466563639353075,,0
50,TJU,lognormal_aft,2000,119,75,0,0.5394092627753062,0,,0.959691077452131,,0
50,TJU,cox,125,119,75,117,0.9831932773109244,1,0.08184494254886335,0.2706441845510865,0.0,0
50,TJU,cox,250,119,75,74,0.7197968166683483,1,0.1915514295363246,0.38947728514980107,0.13599902955313947,0
50,TJU,cox,500,119,75,33,0.569376444040601,1,0.49278912765155364,0.944179471048195,0.5129126213905459,0
50,TJU,cox,750,119,75,4,0.5394092627753062,1,0.06989931732932052,0.9819191387497532,0.9376790559354907,0
50,TJU,cox,1000,119,75,2,0.5394092627753062,1,0.03812128170742804,0.9826779755415859,0.9688395279677453,0
50,TJU,cox,1500,119,75,0,0.5394092627753062,0,,0.996740759039502,,0
50,TJU,cox,2000,119,75,0,0.5394092627753062,0,,0.9999951691048464,,0
50,TJU,rsf,125,119,75,117,0.9831932773109244,1,0.007848146877947023,0.08644190829295582,0.0,0
50,TJU,rsf,250,119,75,74,0.7197968166683483,1,0.11881985523008068,0.1124309416055251,0.13599902955313947,0
50,TJU,rsf,500,119,75,33,0.569376444040601,1,0.3021190951101859,0.3361159770065081,0.5129126213905459,0
50,TJU,rsf,750,119,75,4,0.5394092627753062,1,0.11586629053364525,0.7085419702370624,0.9376790559354907,0
50,TJU,rsf,1000,119,75,2,0.5394092627753062,1,0.09643097265719944,0.7197879440246348,0.9688395279677453,0
50,TJU,rsf,1500,119,75,0,0.5394092627753062,0,,0.8197158907787879,,0
50,TJU,rsf,2000,119,75,0,0.5394092627753062,0,,0.9389859644319872,,0
50,NASA,km,125,11,5,3,0.5681818181818181,1,0.52,0.0,0.52,0
50,NASA,km,250,11,5,0,0.0,0,,0.044726480761793974,,0
50,NASA,km,500,11,5,0,0.0,0,,0.22885760471136676,,0
50,NASA,km,750,11,5,0,0.0,0,,0.4680989321329447,,0
50,NASA,km,1000,11,5,0,0.0,0,,0.4823050118375978,,0
50,NASA,km,1500,11,5,0,0.0,0,,0.6524110749304645,,0
50,NASA,km,2000,11,5,0,0.0,0,,0.9239870469932658,,0
50,NASA,xgb_aft,125,11,5,3,0.5681818181818181,1,0.4215182705881258,0.10542661157313273,0.52,0
50,NASA,xgb_aft,250,11,5,0,0.0,0,,0.2919677395181381,,0
50,NASA,xgb_aft,500,11,5,0,0.0,0,,0.5181234546253896,,0
50,NASA,xgb_aft,750,11,5,0,0.0,0,,0.6455577806480866,,0
50,NASA,xgb_aft,1000,11,5,0,0.0,0,,0.7263906261938984,,0
50,NASA,xgb_aft,1500,11,5,0,0.0,0,,0.8214640510345201,,0
50,NASA,xgb_aft,2000,11,5,0,0.0,0,,0.8741324972239124,,0
50,NASA,lognormal_aft,125,11,5,3,0.5681818181818181,1,0.994000547232611,0.5697596383221838,0.52,0
50,NASA,lognormal_aft,250,11,5,0,0.0,0,,0.6905557654255063,,0
50,NASA,lognormal_aft,500,11,5,0,0.0,0,,0.8555251144138417,,0
50,NASA,lognormal_aft,750,11,5,0,0.0,0,,0.9332906693066445,,0
50,NASA,lognormal_aft,1000,11,5,0,0.0,0,,0.9685842217482924,,0
50,NASA,lognormal_aft,1500,11,5,0,0.0,0,,0.9922845781404406,,0
50,NASA,lognormal_aft,2000,11,5,0,0.0,0,,0.9978174977877388,,0
50,NASA,cox,125,11,5,3,0.5681818181818181,1,0.52,0.0,0.52,0
50,NASA,cox,250,11,5,0,0.0,0,,0.632288206072754,,0
50,NASA,cox,500,11,5,0,0.0,0,,0.8438098359507393,,0
50,NASA,cox,750,11,5,0,0.0,0,,0.9382748037851315,,0
50,NASA,cox,1000,11,5,0,0.0,0,,0.943417010548663,,0
50,NASA,cox,1500,11,5,0,0.0,0,,0.9863049834935115,,0
50,NASA,cox,2000,11,5,0,0.0,0,,0.9999255022634574,,0
50,NASA,rsf,125,11,5,3,0.5681818181818181,1,0.52,0.0,0.52,0
50,NASA,rsf,250,11,5,0,0.0,0,,0.12339052866325599,,0
50,NASA,rsf,500,11,5,0,0.0,0,,0.4605470060242787,,0
50,NASA,rsf,750,11,5,0,0.0,0,,0.8868925619834712,,0
50,NASA,rsf,1000,11,5,0,0.0,0,,0.8910181031090123,,0
50,NASA,rsf,1500,11,5,0,0.0,0,,0.9002823691460055,,0
50,NASA,rsf,2000,11,5,0,0.0,0,,0.9016460055096419,,0
50,CALCE,km,125,9,9,9,1.0,1,0.00011880818885811563,0.010899916919780428,0.0,0
50,CALCE,km,250,9,9,9,1.0,1,0.0034468919493750917,0.058710237176961666,0.0,0
50,CALCE,km,500,9,9,8,1.0,1,0.11604577434798576,0.24256582669492088,0.11111111111111116,0
50,CALCE,km,750,9,9,0,1.0,0,,0.45838635586259735,,0
50,CALCE,km,1000,9,9,0,1.0,0,,0.47285184025915544,,0
50,CALCE,km,1500,9,9,0,1.0,0,,0.6460640601387782,,0
50,CALCE,km,2000,9,9,0,1.0,0,,0.9225990415008669,,0
50,CALCE,xgb_aft,125,9,9,9,1.0,1,0.08480339574704471,0.2429529519811241,0.0,0
50,CALCE,xgb_aft,250,9,9,9,1.0,1,0.2914795334647669,0.5123811670291546,0.0,0
50,CALCE,xgb_aft,500,9,9,8,1.0,1,0.4653008119945537,0.7421280270289192,0.11111111111111116,0
50,CALCE,xgb_aft,750,9,9,0,1.0,0,,0.8396891878686167,,0
50,CALCE,xgb_aft,1000,9,9,0,1.0,0,,0.8911380823250572,,0
50,CALCE,xgb_aft,1500,9,9,0,1.0,0,,0.9414049770914201,,0
50,CALCE,xgb_aft,2000,9,9,0,1.0,0,,0.9642495680089507,,0
50,CALCE,lognormal_aft,125,9,9,9,1.0,1,8.04425016191457e-05,0.006962916960964775,0.0,0
50,CALCE,lognormal_aft,250,9,9,9,1.0,1,0.026812825400547677,0.14601524970045887,0.0,0
50,CALCE,lognormal_aft,500,9,9,8,1.0,1,0.26582875997359173,0.5375359136558164,0.11111111111111116,0
50,CALCE,lognormal_aft,750,9,9,0,1.0,0,,0.762482235729872,,0
50,CALCE,lognormal_aft,1000,9,9,0,1.0,0,,0.8730634888111979,,0
50,CALCE,lognormal_aft,1500,9,9,0,1.0,0,,0.9581778098852853,,0
50,CALCE,lognormal_aft,2000,9,9,0,1.0,0,,0.9838955115102306,,0
50,CALCE,cox,125,9,9,9,1.0,1,6.321033165667945e-05,0.007669772029338446,0.0,0
50,CALCE,cox,250,9,9,9,1.0,1,0.002403371838778541,0.04736869537226128,0.0,0
50,CALCE,cox,500,9,9,8,1.0,1,0.0986423885409108,0.26127321272431586,0.11111111111111116,0
50,CALCE,cox,750,9,9,0,1.0,0,,0.5714032301342562,,0
50,CALCE,cox,1000,9,9,0,1.0,0,,0.5980155198762918,,0
50,CALCE,cox,1500,9,9,0,1.0,0,,0.8539978058978088,,0
50,CALCE,cox,2000,9,9,0,1.0,0,,0.9954092327075732,,0
50,CALCE,rsf,125,9,9,9,1.0,1,0.007761646043459737,0.08529390934668996,0.0,0
50,CALCE,rsf,250,9,9,9,1.0,1,0.060396491160423796,0.2331105653716229,0.0,0
50,CALCE,rsf,500,9,9,8,1.0,1,0.24496561506248307,0.5287313243559854,0.11111111111111116,0
50,CALCE,rsf,750,9,9,0,1.0,0,,0.7127151905828545,,0
50,CALCE,rsf,1000,9,9,0,1.0,0,,0.7379351478365351,,0
50,CALCE,rsf,1500,9,9,0,1.0,0,,0.8420800995784224,,0
50,CALCE,rsf,2000,9,9,0,1.0,0,,0.9407169779376398,,0
50,HUST,km,125,77,77,77,1.0,1,0.00017900532095254892,0.013379287012114993,0.0,0
50,HUST,km,250,77,77,77,1.0,1,0.005261774190981776,0.07253808786411299,0.0,0
50,HUST,km,500,77,77,77,1.0,1,0.099011049228392,0.31466021233767716,0.0,0
50,HUST,km,750,77,77,77,1.0,1,0.40553611123105304,0.6368171725315304,0.0,0
50,HUST,km,1000,77,77,76,1.0,1,0.42794560997547504,0.6572907142760768,0.012987012987012991,0
50,HUST,km,1500,77,77,49,1.0,1,0.33273857781343036,0.6819657828481992,0.36363636363636376,0
50,HUST,km,2000,77,77,8,1.0,1,0.1389568350400236,0.6819657828481992,0.8961038961038962,0
50,HUST,xgb_aft,125,77,77,77,1.0,1,0.001900230324336531,0.040008384392714126,0.0,0
50,HUST,xgb_aft,250,77,77,77,1.0,1,0.011676046910454775,0.10210934265205285,0.0,0
50,HUST,xgb_aft,500,77,77,77,1.0,1,0.0395979066197438,0.19161249036109707,0.0,0
50,HUST,xgb_aft,750,77,77,77,1.0,1,0.06959153591027922,0.25613507535337415,0.0,0
50,HUST,xgb_aft,1000,77,77,76,1.0,1,0.10457794777893488,0.30658449045445924,0.012987012987012991,0
50,HUST,xgb_aft,1500,77,77,49,1.0,1,0.22664219126009338,0.3827772459936911,0.36363636363636376,0
50,HUST,xgb_aft,2000,77,77,8,1.0,1,0.28398565968488226,0.43923421874871676,0.8961038961038962,0
50,HUST,lognormal_aft,125,77,77,77,1.0,1,2.8886958195962206e-08,0.0001674716256907934,0.0,0
50,HUST,lognormal_aft,250,77,77,77,1.0,1,0.00020930430787436682,0.014380639151362663,0.0,0
50,HUST,lognormal_aft,500,77,77,77,1.0,1,0.02310246563808204,0.15167505125813407,0.0,0
50,HUST,lognormal_aft,750,77,77,77,1.0,1,0.11931703248521484,0.34508769503544223,0.0,0
50,HUST,lognormal_aft,1000,77,77,76,1.0,1,0.26355504782571754,0.5148698762915681,0.012987012987012991,0
50,HUST,lognormal_aft,1500,77,77,49,1.0,1,0.3723955089427094,0.739197138163206,0.36363636363636376,0
50,HUST,lognormal_aft,2000,77,77,8,1.0,1,0.09482831678563768,0.8562837100222229,0.8961038961038962,0
50,HUST,cox,125,77,77,77,1.0,1,1.914485480946056e-05,0.004371047873210849,0.0,0
50,HUST,cox,250,77,77,77,1.0,1,0.0007303791390004667,0.026998785267069857,0.0,0
50,HUST,cox,500,77,77,77,1.0,1,0.025399566856423385,0.1592374325673718,0.0,0
50,HUST,cox,750,77,77,77,1.0,1,0.19445511955752495,0.44073314686704534,0.0,0
50,HUST,cox,1000,77,77,76,1.0,1,0.21858409464799072,0.467120589330157,0.012987012987012991,0
50,HUST,cox,1500,77,77,49,1.0,1,0.2524300209478486,0.5028731002874689,0.36363636363636376,0
50,HUST,cox,2000,77,77,8,1.0,1,0.24738398416794025,0.5028731002874689,0.8961038961038962,0
50,HUST,rsf,125,77,77,77,1.0,1,0.00025118569600260474,0.015433074646062651,0.0,0
50,HUST,rsf,250,77,77,77,1.0,1,0.012641249702144622,0.10527792992888653,0.0,0
50,HUST,rsf,500,77,77,77,1.0,1,0.280123005234998,0.5173482056406759,0.0,0
50,HUST,rsf,750,77,77,77,1.0,1,0.5601625643957246,0.7476985482250103,0.0,0
50,HUST,rsf,1000,77,77,76,1.0,1,0.598538272201025,0.7787239179445765,0.012987012987012991,0
50,HUST,rsf,1500,77,77,49,1.0,1,0.43025227447968445,0.8116740706111738,0.36363636363636376,0
50,HUST,rsf,2000,77,77,8,1.0,1,0.0988597209620062,0.8116740706111738,0.8961038961038962,0
100,MIT,km,125,124,43,124,1.0,1,6.504066746383416e-05,0.008064779442975123,0.0,0
100,MIT,km,250,124,43,123,1.0,1,0.012523801072459767,0.07532759191228003,0.008064516129032251,0
100,MIT,km,500,124,43,100,1.0,1,0.15987513139522141,0.25509286244761215,0.19354838709677402,0
100,MIT,km,750,124,43,61,0.7568829688462356,1,0.2657203541510158,0.5455120909953761,0.3500507950114712,0
100,MIT,km,1000,124,43,29,0.35982960814001347,1,0.27258405542316483,0.5623449765140659,0.3500507950114712,0
100,MIT,km,1500,124,43,8,0.09926334017655543,0,,0.7250628698614003,,0
100,MIT,km,2000,124,43,2,0.02481583504413886,0,,0.955112305283494,,0
100,MIT,xgb_aft,125,124,43,124,1.0,1,9.4552625928601e-05,0.0015744526569188217,0.0,0
100,MIT,xgb_aft,250,124,43,123,1.0,1,0.003632833189660444,0.04224234186419776,0.008064516129032251,0
100,MIT,xgb_aft,500,124,43,100,1.0,1,0.15455939062084234,0.1684938869591337,0.19354838709677402,0
100,MIT,xgb_aft,750,124,43,61,0.7568829688462356,1,0.23237141663138297,0.28436129277303807,0.3500507950114712,0
100,MIT,xgb_aft,1000,124,43,29,0.35982960814001347,1,0.23665935720189327,0.37981884242779135,0.3500507950114712,0
100,MIT,xgb_aft,1500,124,43,8,0.09926334017655543,0,,0.5217767057254558,,0
100,MIT,xgb_aft,2000,124,43,2,0.02481583504413886,0,,0.6197795132596772,,0
100,MIT,lognormal_aft,125,124,43,124,1.0,1,1.3688006611392408e-13,3.322738192923502e-08,0.0,0
100,MIT,lognormal_aft,250,124,43,123,1.0,1,0.006577590494434214,0.0008069598293345513,0.008064516129032251,0
100,MIT,lognormal_aft,500,124,43,100,1.0,1,0.1821340086940991,0.012934720099251232,0.19354838709677402,0
100,MIT,lognormal_aft,750,124,43,61,0.7568829688462356,1,0.2999724560341626,0.06170287407784988,0.3500507950114712,0
100,MIT,lognormal_aft,1000,124,43,29,0.35982960814001347,1,0.2481186358126565,0.15589122776817566,0.3500507950114712,0
100,MIT,lognormal_aft,1500,124,43,8,0.09926334017655543,0,,0.39640743749757057,,0
100,MIT,lognormal_aft,2000,124,43,2,0.02481583504413886,0,,0.6037438875970216,,0
100,MIT,cox,125,124,43,124,1.0,1,0.0004728307097795411,0.0021549153539132788,0.0,0
100,MIT,cox,250,124,43,123,1.0,1,0.014935065552043764,0.010158547949346456,0.008064516129032251,0
100,MIT,cox,500,124,43,100,1.0,1,0.1945821635343833,0.020775820811563445,0.19354838709677402,0
100,MIT,cox,750,124,43,61,0.7568829688462356,1,0.29650280022375136,0.08828140263130817,0.3500507950114712,0
100,MIT,cox,1000,124,43,29,0.35982960814001347,1,0.2930762305192111,0.10253219692202657,0.3500507950114712,0
100,MIT,cox,1500,124,43,8,0.09926334017655543,0,,0.34600874508235574,,0
100,MIT,cox,2000,124,43,2,0.02481583504413886,0,,0.8015474738315397,,0
100,MIT,rsf,125,124,43,124,1.0,1,1.154589207995019e-05,0.00041541858678955317,0.0,0
100,MIT,rsf,250,124,43,123,1.0,1,0.004685218564972282,0.04044140424987193,0.008064516129032251,0
100,MIT,rsf,500,124,43,100,1.0,1,0.1497435963618496,0.12104829109062983,0.19354838709677402,0
100,MIT,rsf,750,124,43,61,0.7568829688462356,1,0.21982185741657584,0.21840607398873527,0.3500507950114712,0
100,MIT,rsf,1000,124,43,29,0.35982960814001347,1,0.2259578232232512,0.22227761776753713,0.3500507950114712,0
100,MIT,rsf,1500,124,43,8,0.09926334017655543,0,,0.7127179724397468,,0
100,MIT,rsf,2000,124,43,2,0.02481583504413886,0,,0.9534038018433177,,0
100,XJTU,km,125,39,21,39,1.0,1,3.6073413295849406e-05,0.006006114658899664,0.0,0
100,XJTU,km,250,39,21,33,0.8461538461538461,1,0.0033670920487926435,0.058026649470675463,0.0,0
100,XJTU,km,500,39,21,16,0.5203869529255225,1,0.16751036160274493,0.2374477680307306,0.2116320212295444,0
100,XJTU,km,750,39,21,0,0.5203869529255225,0,,0.43381785344619317,,0
100,XJTU,km,1000,39,21,0,0.5203869529255225,0,,0.4489395164530913,,0
100,XJTU,km,1500,39,21,0,0.5203869529255225,0,,0.6300089328578139,,0
100,XJTU,km,2000,39,21,0,0.5203869529255225,0,,0.9190880043316563,,0
100,XJTU,xgb_aft,125,39,21,39,1.0,1,5.805512144004974e-07,0.0006688606845068576,0.0,0
100,XJTU,xgb_aft,250,39,21,33,0.8461538461538461,1,0.0018521753567319948,0.041487271874202876,0.0,0
100,XJTU,xgb_aft,500,39,21,16,0.5203869529255225,1,0.16241570946051517,0.17671349744447842,0.2116320212295444,0
100,XJTU,xgb_aft,750,39,21,0,0.5203869529255225,0,,0.2982242266312933,,0
100,XJTU,xgb_aft,1000,39,21,0,0.5203869529255225,0,,0.3964302181411747,,0
100,XJTU,xgb_aft,1500,39,21,0,0.5203869529255225,0,,0.5396683106679372,,0
100,XJTU,xgb_aft,2000,39,21,0,0.5203869529255225,0,,0.6367549747079653,,0
100,XJTU,lognormal_aft,125,39,21,39,1.0,1,6.146361093675613e-11,2.2496269427211365e-06,0.0,0
100,XJTU,lognormal_aft,250,39,21,33,0.8461538461538461,1,0.000539650211653935,0.014148520464262355,0.0,0
100,XJTU,lognormal_aft,500,39,21,16,0.5203869529255225,1,0.24973270831089509,0.18951188300431132,0.2116320212295444,0
100,XJTU,lognormal_aft,750,39,21,0,0.5203869529255225,0,,0.4107428256873399,,0
100,XJTU,lognormal_aft,1000,39,21,0,0.5203869529255225,0,,0.5847143645294782,,0
100,XJTU,lognormal_aft,1500,39,21,0,0.5203869529255225,0,,0.7915962295598293,,0
100,XJTU,lognormal_aft,2000,39,21,0,0.5203869529255225,0,,0.8898765125539316,,0
100,XJTU,cox,125,39,21,39,1.0,1,8.54705528562767e-06,0.002693304668091097,0.0,0
100,XJTU,cox,250,39,21,33,0.8461538461538461,1,0.001477979709830325,0.03545792508371727,0.0,0
100,XJTU,cox,500,39,21,16,0.5203869529255225,1,0.23202766931458776,0.22562605379322173,0.2116320212295444,0
100,XJTU,cox,750,39,21,0,0.5203869529255225,0,,0.5158382794961335,,0
100,XJTU,cox,1000,39,21,0,0.5203869529255225,0,,0.5455123889706827,,0
100,XJTU,cox,1500,39,21,0,0.5203869529255225,0,,0.8248295310915958,,0
100,XJTU,cox,2000,39,21,0,0.5203869529255225,0,,0.9899586369692744,,0
100,XJTU,rsf,125,39,21,39,1.0,1,9.827548113262547e-06,0.0017557997557997728,0.0,0
100,XJTU,rsf,250,39,21,33,0.8461538461538461,1,0.002309063148491723,0.03618936618936624,0.0,0
100,XJTU,rsf,500,39,21,16,0.5203869529255225,1,0.1906459168519747,0.2344324279708895,0.2116320212295444,0
100,XJTU,rsf,750,39,21,0,0.5203869529255225,0,,0.3355414215414215,,0
100,XJTU,rsf,1000,39,21,0,0.5203869529255225,0,,0.43084605209605203,,0
100,XJTU,rsf,1500,39,21,0,0.5203869529255225,0,,0.6486626984126983,,0
100,XJTU,rsf,2000,39,21,0,0.5203869529255225,0,,0.8848075702075704,,0
100,TJU,km,125,119,75,117,0.9831932773109244,1,6.200012400024776e-05,0.007874015748031482,0.0,0
100,TJU,km,250,119,75,74,0.7197968166683483,1,0.13194927864668446,0.015795276346468823,0.13599902955313947,0
100,TJU,km,500,119,75,33,0.569376444040601,1,0.38929748499001926,0.1394254807915369,0.5129126213905459,0
100,TJU,km,750,119,75,4,0.5394092627753062,1,0.43073307975560765,0.327489822766191,0.9376790559354907,0
100,TJU,km,1000,119,75,2,0.5394092627753062,1,0.4335352198999397,0.33371676885168916,0.9688395279677453,0
100,TJU,km,1500,119,75,0,0.5394092627753062,0,,0.5438698361613161,,0
100,TJU,km,2000,119,75,0,0.5394092627753062,0,,0.900250559761397,,0
100,TJU,xgb_aft,125,119,75,117,0.9831932773109244,1,0.0036296021406096715,0.030273473753170882,0.0,0
100,TJU,xgb_aft,250,119,75,74,0.7197968166683483,1,0.16681205982966302,0.259632684868725,0.13599902955313947,0
100,TJU,xgb_aft,500,119,75,33,0.569376444040601,1,0.28193948801268137,0.5250242032461825,0.5129126213905459,0
100,TJU,xgb_aft,750,119,75,4,0.5394092627753062,1,0.19246595486396695,0.6625559074229582,0.9376790559354907,0
100,TJU,xgb_aft,1000,119,75,2,0.5394092627753062,1,0.12930349328459387,0.7452692403984763,0.9688395279677453,0
100,TJU,xgb_aft,1500,119,75,0,0.5394092627753062,0,,0.8379678017632758,,0
100,TJU,xgb_aft,2000,119,75,0,0.5394092627753062,0,,0.8871270194567464,,0
100,TJU,lognormal_aft,125,119,75,117,0.9831932773109244,1,0.0016672276924823662,0.01337520083999603,0.0,0
100,TJU,lognormal_aft,250,119,75,74,0.7197968166683483,1,0.26365208432990056,0.48718250041308103,0.13599902955313947,0
100,TJU,lognormal_aft,500,119,75,33,0.569376444040601,1,0.4373479491693597,0.8782676125329455,0.5129126213905459,0
100,TJU,lognormal_aft,750,119,75,4,0.5394092627753062,1,0.07581509959067757,0.9561735074571612,0.9376790559354907,0
100,TJU,lognormal_aft,1000,119,75,2,0.5394092627753062,1,0.03583608897279103,0.9801763605113148,0.9688395279677453,0
100,TJU,lognormal_aft,1500,119,75,0,0.5394092627753062,0,,0.9944165399883694,,0
100,TJU,lognormal_aft,2000,119,75,0,0.5394092627753062,0,,0.9980331165380837,,0
100,TJU,cox,125,119,75,117,0.9831932773109244,1,0.011671810620651198,0.09284965421481735,0.0,0
100,TJU,cox,250,119,75,74,0.7197968166683483,1,0.12825387056638302,0.20620696955837003,0.13599902955313947,0
100,TJU,cox,500,119,75,33,0.569376444040601,1,0.45090488406553053,0.9253682305921911,0.5129126213905459,0
100,TJU,cox,750,119,75,4,0.5394092627753062,1,0.06305828312881705,0.99367501322562,0.9376790559354907,0
100,TJU,cox,1000,119,75,2,0.5394092627753062,1,0.03183594971519628,0.9942008695904881,0.9688395279677453,0
100,TJU,cox,1500,119,75,0,0.5394092627753062,0,,0.9997590593913723,,0
100,TJU,cox,2000,119,75,0,0.5394092627753062,0,,0.9999999987053024,,0
100,TJU,rsf,125,119,75,117,0.9831932773109244,1,0.003188154769347721,0.05544086221562062,0.0,0
100,TJU,rsf,250,119,75,74,0.7197968166683483,1,0.11876010976108496,0.0891511700467788,0.13599902955313947,0
100,TJU,rsf,500,119,75,33,0.569376444040601,1,0.2877816577269024,0.3295236466692646,0.5129126213905459,0
100,TJU,rsf,750,119,75,4,0.5394092627753062,1,0.11989746551668003,0.7012900072357278,0.9376790559354907,0
100,TJU,rsf,1000,119,75,2,0.5394092627753062,1,0.08975741221293254,0.737987715428244,0.9688395279677453,0
100,TJU,rsf,1500,119,75,0,0.5394092627753062,0,,0.8395436372035138,,0
100,TJU,rsf,2000,119,75,0,0.5394092627753062,0,,0.9482985655518691,,0
100,NASA,km,125,8,3,3,0.625,1,0.4,0.0,0.3999999999999999,0
100,NASA,km,250,8,3,0,0.0,0,,0.044726480761793974,,0
100,NASA,km,500,8,3,0,0.0,0,,0.22885760471136674,,0
100,NASA,km,750,8,3,0,0.0,0,,0.46809893213294473,,0
100,NASA,km,1000,8,3,0,0.0,0,,0.4823050118375978,,0
100,NASA,km,1500,8,3,0,0.0,0,,0.6524110749304646,,0
100,NASA,km,2000,8,3,0,0.0,0,,0.9239870469932657,,0
100,NASA,xgb_aft,125,8,3,3,0.625,1,0.3998674412572664,5.163950587280808e-05,0.3999999999999999,0
100,NASA,xgb_aft,250,8,3,0,0.0,0,,0.13992864599311547,,0
100,NASA,xgb_aft,500,8,3,0,0.0,0,,0.638691508106672,,0
100,NASA,xgb_aft,750,8,3,0,0.0,0,,0.8437957471067286,,0
100,NASA,xgb_aft,1000,8,3,0,0.0,0,,0.9237058136897565,,0
100,NASA,xgb_aft,1500,8,3,0,0.0,0,,0.9769833512188465,,0
100,NASA,xgb_aft,2000,8,3,0,0.0,0,,0.9916563406543835,,0
100,NASA,lognormal_aft,125,8,3,3,0.625,1,0.9093179502904785,0.7807097904741988,0.3999999999999999,0
100,NASA,lognormal_aft,250,8,3,0,0.0,0,,0.9862645866239177,,0
100,NASA,lognormal_aft,500,8,3,0,0.0,0,,0.9997789124157093,,0
100,NASA,lognormal_aft,750,8,3,0,0.0,0,,0.9999874725707265,,0
100,NASA,lognormal_aft,1000,8,3,0,0.0,0,,0.9999986729376904,,0
100,NASA,lognormal_aft,1500,8,3,0,0.0,0,,0.9999999586449806,,0
100,NASA,lognormal_aft,2000,8,3,0,0.0,0,,0.9999999971757269,,0
100,NASA,cox,125,8,3,3,0.625,1,0.4,0.0,0.3999999999999999,0
100,NASA,cox,250,8,3,0,0.0,0,,0.9666166076279012,,0
100,NASA,cox,500,8,3,0,0.0,0,,0.9999995532090358,,0
100,NASA,cox,750,8,3,0,0.0,0,,1.0,,0
100,NASA,cox,1000,8,3,0,0.0,0,,1.0,,0
100,NASA,cox,1500,8,3,0,0.0,0,,1.0,,0
100,NASA,cox,2000,8,3,0,0.0,0,,1.0,,0
100,NASA,rsf,125,8,3,3,0.625,1,0.4,0.0,0.3999999999999999,0
100,NASA,rsf,250,8,3,0,0.0,0,,0.14232783189033202,,0
100,NASA,rsf,500,8,3,0,0.0,0,,0.5980687229437229,,0
100,NASA,rsf,750,8,3,0,0.0,0,,0.9422648809523809,,0
100,NASA,rsf,1000,8,3,0,0.0,0,,0.9492886904761905,,0
100,NASA,rsf,1500,8,3,0,0.0,0,,0.9512529761904762,,0
100,NASA,rsf,2000,8,3,0,0.0,0,,0.9530386904761905,,0
100,CALCE,km,125,9,9,9,1.0,1,3.0357077634505782e-05,0.005509725731332349,0.0,0
100,CALCE,km,250,9,9,9,1.0,1,0.0028708799133237988,0.0535805926929126,0.0,0
100,CALCE,km,500,9,9,8,1.0,1,0.11497759929859089,0.23843812002840822,0.11111111111111116,0
100,CALCE,km,750,9,9,0,1.0,0,,0.4554347828700225,,0
100,CALCE,km,1000,9,9,0,1.0,0,,0.4699790982442187,,0
100,CALCE,km,1500,9,9,0,1.0,0,,0.6441352539270002,,0
100,CALCE,km,2000,9,9,0,1.0,0,,0.9221772379123157,,0
100,CALCE,xgb_aft,125,9,9,9,1.0,1,0.014604752686330665,0.07990662148834701,0.0,0
100,CALCE,xgb_aft,250,9,9,9,1.0,1,0.2355064353530326,0.4190524161841847,0.0,0
100,CALCE,xgb_aft,500,9,9,8,1.0,1,0.402824351732608,0.6717236376115485,0.11111111111111116,0
100,CALCE,xgb_aft,750,9,9,0,1.0,0,,0.7795980546344584,,0
100,CALCE,xgb_aft,1000,9,9,0,1.0,0,,0.8395358726363704,,0
100,CALCE,xgb_aft,1500,9,9,0,1.0,0,,0.9029095730439796,,0
100,CALCE,xgb_aft,2000,9,9,0,1.0,0,,0.9348683141657581,,0
100,CALCE,lognormal_aft,125,9,9,9,1.0,1,3.9204549808592646e-07,0.0004173028183853184,0.0,0
100,CALCE,lognormal_aft,250,9,9,9,1.0,1,0.04430312458012972,0.1874653377612242,0.0,0
100,CALCE,lognormal_aft,500,9,9,8,1.0,1,0.39604371045281433,0.6668614811587692,0.11111111111111116,0
100,CALCE,lognormal_aft,750,9,9,0,1.0,0,,0.8599473663550005,,0
100,CALCE,lognormal_aft,1000,9,9,0,1.0,0,,0.9350979177084299,,0
100,CALCE,lognormal_aft,1500,9,9,0,1.0,0,,0.9824170875704566,,0
100,CALCE,lognormal_aft,2000,9,9,0,1.0,0,,0.994079497471701,,0
100,CALCE,cox,125,9,9,9,1.0,1,7.874785027137041e-05,0.008412628355547977,0.0,0
100,CALCE,cox,250,9,9,9,1.0,1,0.012849505821021533,0.1080035915845043,0.0,0
100,CALCE,cox,500,9,9,8,1.0,1,0.28757391271941535,0.5661658449700592,0.11111111111111116,0
100,CALCE,cox,750,9,9,0,1.0,0,,0.9065840355918193,,0
100,CALCE,cox,1000,9,9,0,1.0,0,,0.9212087193120682,,0
100,CALCE,cox,1500,9,9,0,1.0,0,,0.9927562564400999,,0
100,CALCE,cox,2000,9,9,0,1.0,0,,0.999994928344642,,0
100,CALCE,rsf,125,9,9,9,1.0,1,0.01233811258783351,0.10438447971781316,0.0,0
100,CALCE,rsf,250,9,9,9,1.0,1,0.11920198386125277,0.323922619047619,0.0,0
100,CALCE,rsf,500,9,9,8,1.0,1,0.34682144660288233,0.628054012345679,0.11111111111111116,0
100,CALCE,rsf,750,9,9,0,1.0,0,,0.798792328042328,,0
100,CALCE,rsf,1000,9,9,0,1.0,0,,0.8556970899470899,,0
100,CALCE,rsf,1500,9,9,0,1.0,0,,0.8954007936507937,,0
100,CALCE,rsf,2000,9,9,0,1.0,0,,0.9157063492063493,,0
100,HUST,km,125,77,77,77,1.0,1,4.5965923435258386e-05,0.0067798173600222,0.0,0
100,HUST,km,250,77,77,77,1.0,1,0.004400243237645491,0.06633432925450813,0.0,0
100,HUST,km,500,77,77,77,1.0,1,0.09614712559688351,0.31007599971117333,0.0,0
100,HUST,km,750,77,77,77,1.0,1,0.40244795178931714,0.6343878559598358,0.0,0
100,HUST,km,1000,77,77,76,1.0,1,0.4249969002356903,0.6549983444719039,0.012987012987012991,0
100,HUST,km,1500,77,77,49,1.0,1,0.3313887267433213,0.6798384636699264,0.36363636363636376,0
100,HUST,km,2000,77,77,8,1.0,1,0.13987244075716573,0.6798384636699264,0.8961038961038962,0
100,HUST,xgb_aft,125,77,77,77,1.0,1,5.791522125286135e-07,0.0002478835810857538,0.0,0
100,HUST,xgb_aft,250,77,77,77,1.0,1,0.0007544583697230099,0.016450836643380137,0.0,0
100,HUST,xgb_aft,500,77,77,77,1.0,1,0.011020153728414289,0.08540703138060236,0.0,0
100,HUST,xgb_aft,750,77,77,77,1.0,1,0.03299079622182673,0.16229927299760782,0.0,0
100,HUST,xgb_aft,1000,77,77,76,1.0,1,0.062183102055155884,0.2341390742617618,0.012987012987012991,0
100,HUST,xgb_aft,1500,77,77,49,1.0,1,0.22621454304514474,0.3555434535905917,0.36363636363636376,0
100,HUST,xgb_aft,2000,77,77,8,1.0,1,0.28492682279390585,0.45071517859454036,0.8961038961038962,0
100,HUST,lognormal_aft,125,77,77,77,1.0,1,3.6641578171656577e-13,5.77273032187209e-07,0.0,0
100,HUST,lognormal_aft,250,77,77,77,1.0,1,6.051570782816027e-05,0.007691880135607444,0.0,0
100,HUST,lognormal_aft,500,77,77,77,1.0,1,0.019300812958389278,0.13844043999634736,0.0,0
100,HUST,lognormal_aft,750,77,77,77,1.0,1,0.11259920176806913,0.3350252775071148,0.0,0
100,HUST,lognormal_aft,1000,77,77,76,1.0,1,0.2547021688844591,0.5068464861621631,0.012987012987012991,0
100,HUST,lognormal_aft,1500,77,77,49,1.0,1,0.3646613859598675,0.7320311588547891,0.36363636363636376,0
100,HUST,lognormal_aft,2000,77,77,8,1.0,1,0.09644887251075178,0.8496472426652893,0.8961038961038962,0
100,HUST,cox,125,77,77,77,1.0,1,2.6182875185034656e-06,0.0016164305389058584,0.0,0
100,HUST,cox,250,77,77,77,1.0,1,0.00042522872051713287,0.02060008515309751,0.0,0
100,HUST,cox,500,77,77,77,1.0,1,0.01959797597321055,0.1398692319319953,0.0,0
100,HUST,cox,750,77,77,77,1.0,1,0.1832005539582712,0.42778188635534176,0.0,0
100,HUST,cox,1000,77,77,76,1.0,1,0.20820657805483114,0.4570678865454883,0.012987012987012991,0
100,HUST,cox,1500,77,77,49,1.0,1,0.24715154246957424,0.49703852357940714,0.36363636363636376,0
100,HUST,cox,2000,77,77,8,1.0,1,0.2537909998536837,0.49703852357940714,0.8961038961038962,0
100,HUST,rsf,125,77,77,77,1.0,1,5.694260388138624e-07,0.0005095856524428307,0.0,0
100,HUST,rsf,250,77,77,77,1.0,1,0.0024436004436006772,0.038847551926324116,0.0,0
100,HUST,rsf,500,77,77,77,1.0,1,0.2012688990665289,0.44677541751258193,0.0,0
100,HUST,rsf,750,77,77,77,1.0,1,0.49955348874334465,0.7051330627539438,0.0,0
100,HUST,rsf,1000,77,77,76,1.0,1,0.5036506506220337,0.7141506364500889,0.012987012987012991,0
100,HUST,rsf,1500,77,77,49,1.0,1,0.3647668082330401,0.7248981784653001,0.36363636363636376,0
100,HUST,rsf,2000,77,77,8,1.0,1,0.11794141007479991,0.7248981784653001,0.8961038961038962,0
