landmark,domain,requested_fraction,n_target,n_events,n_calibration,actual_fraction,minimum_event_residuals_for_finite_quantile,finite_quantile_possible_for_some_draw,probability_of_enough_events_random_draw,interpretation
50,MIT,0.1,124,43,13,0.10483870967741936,19,0,0.0,count feasibility for event-only absolute residual quantile; not all-cell coverage
50,MIT,0.2,124,43,25,0.20161290322580644,19,1,2.751147375679719e-06,count feasibility for event-only absolute residual quantile; not all-cell coverage
50,MIT,0.4,124,43,50,0.4032258064516129,19,1,0.32658083181995917,count feasibility for event-only absolute residual quantile; not all-cell coverage
50,XJTU,0.1,39,21,4,0.10256410256410256,19,0,0.0,count feasibility for event-only absolute residual quantile; not all-cell coverage
50,XJTU,0.2,39,21,8,0.20512820512820512,19,0,0.0,count feasibility for event-only absolute residual quantile; not all-cell coverage
50,XJTU,0.4,39,21,16,0.41025641025641024,19,0,0.0,count feasibility for event-only absolute residual quantile; not all-cell coverage
50,TJU,0.1,119,75,12,0.10084033613445378,19,0,0.0,count feasibility for event-only absolute residual quantile; not all-cell coverage
50,TJU,0.2,119,75,24,0.20168067226890757,19,1,0.05217899949691382,count feasibility for event-only absolute residual quantile; not all-cell coverage
50,TJU,0.4,119,75,48,0.40336134453781514,19,1,0.9999975887954599,count feasibility for event-only absolute residual quantile; not all-cell coverage
50,NASA,0.1,11,5,2,0.18181818181818182,19,0,0.0,count feasibility for event-only absolute residual quantile; not all-cell coverage
50,NASA,0.2,11,5,3,0.2727272727272727,19,0,0.0,count feasibility for event-only absolute residual quantile; not all-cell coverage
50,NASA,0.4,11,5,5,0.45454545454545453,19,0,0.0,count feasibility for event-only absolute residual quantile; not all-cell coverage
50,CALCE,0.1,9,9,1,0.1111111111111111,19,0,0.0,count feasibility for event-only absolute residual quantile; not all-cell coverage
50,CALCE,0.2,9,9,2,0.2222222222222222,19,0,0.0,count feasibility for event-only absolute residual quantile; not all-cell coverage
50,CALCE,0.4,9,9,4,0.4444444444444444,19,0,0.0,count feasibility for event-only absolute residual quantile; not all-cell coverage
50,HUST,0.1,77,77,8,0.1038961038961039,19,0,0.0,count feasibility for event-only absolute residual quantile; not all-cell coverage
50,HUST,0.2,77,77,16,0.2077922077922078,19,0,0.0,count feasibility for event-only absolute residual quantile; not all-cell coverage
50,HUST,0.4,77,77,31,0.4025974025974026,19,1,1.0,count feasibility for event-only absolute residual quantile; not all-cell coverage
100,MIT,0.1,124,43,13,0.10483870967741936,19,0,0.0,count feasibility for event-only absolute residual quantile; not all-cell coverage
100,MIT,0.2,124,43,25,0.20161290322580644,19,1,2.751147375679719e-06,count feasibility for event-only absolute residual quantile; not all-cell coverage
100,MIT,0.4,124,43,50,0.4032258064516129,19,1,0.32658083181995917,count feasibility for event-only absolute residual quantile; not all-cell coverage
100,XJTU,0.1,39,21,4,0.10256410256410256,19,0,0.0,count feasibility for event-only absolute residual quantile; not all-cell coverage
100,XJTU,0.2,39,21,8,0.20512820512820512,19,0,0.0,count feasibility for event-only absolute residual quantile; not all-cell coverage
100,XJTU,0.4,39,21,16,0.41025641025641024,19,0,0.0,count feasibility for event-only absolute residual quantile; not all-cell coverage
100,TJU,0.1,119,75,12,0.10084033613445378,19,0,0.0,count feasibility for event-only absolute residual quantile; not all-cell coverage
100,TJU,0.2,119,75,24,0.20168067226890757,19,1,0.05217899949691382,count feasibility for event-only absolute residual quantile; not all-cell coverage
100,TJU,0.4,119,75,48,0.40336134453781514,19,1,0.9999975887954599,count feasibility for event-only absolute residual quantile; not all-cell coverage
100,NASA,0.1,8,3,1,0.125,19,0,0.0,count feasibility for event-only absolute residual quantile; not all-cell coverage
100,NASA,0.2,8,3,2,0.25,19,0,0.0,count feasibility for event-only absolute residual quantile; not all-cell coverage
100,NASA,0.4,8,3,4,0.5,19,0,0.0,count feasibility for event-only absolute residual quantile; not all-cell coverage
100,CALCE,0.1,9,9,1,0.1111111111111111,19,0,0.0,count feasibility for event-only absolute residual quantile; not all-cell coverage
100,CALCE,0.2,9,9,2,0.2222222222222222,19,0,0.0,count feasibility for event-only absolute residual quantile; not all-cell coverage
100,CALCE,0.4,9,9,4,0.4444444444444444,19,0,0.0,count feasibility for event-only absolute residual quantile; not all-cell coverage
100,HUST,0.1,77,77,8,0.1038961038961039,19,0,0.0,count feasibility for event-only absolute residual quantile; not all-cell coverage
100,HUST,0.2,77,77,16,0.2077922077922078,19,0,0.0,count feasibility for event-only absolute residual quantile; not all-cell coverage
100,HUST,0.4,77,77,31,0.4025974025974026,19,1,1.0,count feasibility for event-only absolute residual quantile; not all-cell coverage
