landmark,domain,endpoint_records,n_common_cells,n_events,n_censored
50,MIT,1,124,43,81
50,XJTU,1,39,24,15
50,TJU,1,119,75,44
50,NASA,1,11,5,6
50,CALCE,1,9,9,0
50,HUST,1,77,77,0
50,MIT,3,124,43,81
50,XJTU,3,39,21,18
50,TJU,3,119,75,44
50,NASA,3,11,5,6
50,CALCE,3,9,9,0
50,HUST,3,77,77,0
50,MIT,5,124,42,82
50,XJTU,5,39,16,23
50,TJU,5,119,73,46
50,NASA,5,11,5,6
50,CALCE,5,9,9,0
50,HUST,5,77,77,0
100,MIT,1,124,43,81
100,XJTU,1,39,24,15
100,TJU,1,119,75,44
100,NASA,1,8,3,5
100,CALCE,1,7,7,0
100,HUST,1,77,77,0
100,MIT,3,124,43,81
100,XJTU,3,39,21,18
100,TJU,3,119,75,44
100,NASA,3,8,3,5
100,CALCE,3,7,7,0
100,HUST,3,77,77,0
100,MIT,5,124,42,82
100,XJTU,5,39,16,23
100,TJU,5,119,73,46
100,NASA,5,8,3,5
100,CALCE,5,7,7,0
100,HUST,5,77,77,0
