landmark,domain,endpoint_records,model,horizon_cycle,ipcw_brier
50,MIT,1,xgb_aft,125,0.0003502876085387413
50,MIT,1,xgb_aft,250,0.010319964135114837
50,MIT,1,xgb_aft,500,0.15737281475433823
50,MIT,1,xgb_aft,750,0.22889789136696373
50,MIT,1,xgb_aft,1000,0.25500286464300365
50,MIT,1,xgb_aft,1500,
50,MIT,1,xgb_aft,2000,
50,MIT,1,cox,125,0.008104066941745735
50,MIT,1,cox,250,0.01646262400404253
50,MIT,1,cox,500,0.19351066831146327
50,MIT,1,cox,750,0.28589592380087925
50,MIT,1,cox,1000,0.2890512212120502
50,MIT,1,cox,1500,
50,MIT,1,cox,2000,
50,XJTU,1,xgb_aft,125,0.03713728668023814
50,XJTU,1,xgb_aft,250,0.20841502625130007
50,XJTU,1,xgb_aft,500,0.5082498978328084
50,XJTU,1,xgb_aft,750,
50,XJTU,1,xgb_aft,1000,
50,XJTU,1,xgb_aft,1500,
50,XJTU,1,xgb_aft,2000,
50,XJTU,1,cox,125,0.0036839358219652473
50,XJTU,1,cox,250,0.07010133440297094
50,XJTU,1,cox,500,0.5751439360980181
50,XJTU,1,cox,750,
50,XJTU,1,cox,1000,
50,XJTU,1,cox,1500,
50,XJTU,1,cox,2000,
50,TJU,1,xgb_aft,125,0.07060424209417149
50,TJU,1,xgb_aft,250,0.21889772121043916
50,TJU,1,xgb_aft,500,0.3629881141852696
50,TJU,1,xgb_aft,750,0.20212886885536754
50,TJU,1,xgb_aft,1000,0.15469526494813166
50,TJU,1,xgb_aft,1500,
50,TJU,1,xgb_aft,2000,
50,TJU,1,cox,125,0.2931081931399733
50,TJU,1,cox,250,0.4813516016000187
50,TJU,1,cox,500,0.4993394401562769
50,TJU,1,cox,750,0.07493881236454825
50,TJU,1,cox,1000,0.042955098657441904
50,TJU,1,cox,1500,
50,TJU,1,cox,2000,
50,NASA,1,xgb_aft,125,0.18141869729693313
50,NASA,1,xgb_aft,250,
50,NASA,1,xgb_aft,500,
50,NASA,1,xgb_aft,750,
50,NASA,1,xgb_aft,1000,
50,NASA,1,xgb_aft,1500,
50,NASA,1,xgb_aft,2000,
50,NASA,1,cox,125,0.41458451731067014
50,NASA,1,cox,250,
50,NASA,1,cox,500,
50,NASA,1,cox,750,
50,NASA,1,cox,1000,
50,NASA,1,cox,1500,
50,NASA,1,cox,2000,
50,CALCE,1,xgb_aft,125,0.35594240364405727
50,CALCE,1,xgb_aft,250,0.43547691453715315
50,CALCE,1,xgb_aft,500,
50,CALCE,1,xgb_aft,750,
50,CALCE,1,xgb_aft,1000,
50,CALCE,1,xgb_aft,1500,
50,CALCE,1,xgb_aft,2000,
50,CALCE,1,cox,125,0.3289903667573126
50,CALCE,1,cox,250,0.614182246983733
50,CALCE,1,cox,500,
50,CALCE,1,cox,750,
50,CALCE,1,cox,1000,
50,CALCE,1,cox,1500,
50,CALCE,1,cox,2000,
50,HUST,1,xgb_aft,125,0.005102663530942406
50,HUST,1,xgb_aft,250,0.025790795930411774
50,HUST,1,xgb_aft,500,0.07512195918177428
50,HUST,1,xgb_aft,750,0.12205775993419313
50,HUST,1,xgb_aft,1000,0.16793698912778832
50,HUST,1,xgb_aft,1500,0.24728974886463537
50,HUST,1,xgb_aft,2000,0.20696565200630884
50,HUST,1,cox,125,6.770400009124133e-05
50,HUST,1,cox,250,0.0014858139374836214
50,HUST,1,cox,500,0.040641689322385384
50,HUST,1,cox,750,0.21290246507442182
50,HUST,1,cox,1000,0.23770246052929864
50,HUST,1,cox,1500,0.2583065138833299
50,HUST,1,cox,2000,0.23154412642503808
50,MIT,3,xgb_aft,125,0.0003055548182024852
50,MIT,3,xgb_aft,250,0.014949893013263596
50,MIT,3,xgb_aft,500,0.15523098936390625
50,MIT,3,xgb_aft,750,0.2185350569287448
50,MIT,3,xgb_aft,1000,0.24511035747723128
50,MIT,3,xgb_aft,1500,
50,MIT,3,xgb_aft,2000,
50,MIT,3,cox,125,0.00806896689431376
50,MIT,3,cox,250,0.01610307499085867
50,MIT,3,cox,500,0.19542815091023427
50,MIT,3,cox,750,0.2938570318585389
50,MIT,3,cox,1000,0.2971562210813889
50,MIT,3,cox,1500,
50,MIT,3,cox,2000,
50,XJTU,3,xgb_aft,125,0.08688638032191018
50,XJTU,3,xgb_aft,250,0.33526642489175695
50,XJTU,3,xgb_aft,500,0.6147302536736198
50,XJTU,3,xgb_aft,750,
50,XJTU,3,xgb_aft,1000,
50,XJTU,3,xgb_aft,1500,
50,XJTU,3,xgb_aft,2000,
50,XJTU,3,cox,125,0.0004998417750046604
50,XJTU,3,cox,250,0.01825642759546435
50,XJTU,3,cox,500,0.42553951661086503
50,XJTU,3,cox,750,
50,XJTU,3,cox,1000,
50,XJTU,3,cox,1500,
50,XJTU,3,cox,2000,
50,TJU,3,xgb_aft,125,0.03265359125171461
50,TJU,3,xgb_aft,250,0.14771073286781392
50,TJU,3,xgb_aft,500,0.3048242224735828
50,TJU,3,xgb_aft,750,0.2523711367753621
50,TJU,3,xgb_aft,1000,0.1982849744815867
50,TJU,3,xgb_aft,1500,
50,TJU,3,xgb_aft,2000,
50,TJU,3,cox,125,0.08184494254886335
50,TJU,3,cox,250,0.1915514295363246
50,TJU,3,cox,500,0.49278912765155364
50,TJU,3,cox,750,0.06989931732932052
50,TJU,3,cox,1000,0.03812128170742804
50,TJU,3,cox,1500,
50,TJU,3,cox,2000,
50,NASA,3,xgb_aft,125,0.4215182705881258
50,NASA,3,xgb_aft,250,
50,NASA,3,xgb_aft,500,
50,NASA,3,xgb_aft,750,
50,NASA,3,xgb_aft,1000,
50,NASA,3,xgb_aft,1500,
50,NASA,3,xgb_aft,2000,
50,NASA,3,cox,125,0.52
50,NASA,3,cox,250,
50,NASA,3,cox,500,
50,NASA,3,cox,750,
50,NASA,3,cox,1000,
50,NASA,3,cox,1500,
50,NASA,3,cox,2000,
50,CALCE,3,xgb_aft,125,0.08480339574704471
50,CALCE,3,xgb_aft,250,0.2914795334647669
50,CALCE,3,xgb_aft,500,0.4653008119945537
50,CALCE,3,xgb_aft,750,
50,CALCE,3,xgb_aft,1000,
50,CALCE,3,xgb_aft,1500,
50,CALCE,3,xgb_aft,2000,
50,CALCE,3,cox,125,6.321033165667945e-05
50,CALCE,3,cox,250,0.002403371838778541
50,CALCE,3,cox,500,0.0986423885409108
50,CALCE,3,cox,750,
50,CALCE,3,cox,1000,
50,CALCE,3,cox,1500,
50,CALCE,3,cox,2000,
50,HUST,3,xgb_aft,125,0.001900230324336531
50,HUST,3,xgb_aft,250,0.011676046910454775
50,HUST,3,xgb_aft,500,0.0395979066197438
50,HUST,3,xgb_aft,750,0.06959153591027922
50,HUST,3,xgb_aft,1000,0.10457794777893488
50,HUST,3,xgb_aft,1500,0.22664219126009338
50,HUST,3,xgb_aft,2000,0.28398565968488226
50,HUST,3,cox,125,1.914485480946056e-05
50,HUST,3,cox,250,0.0007303791390004667
50,HUST,3,cox,500,0.025399566856423385
50,HUST,3,cox,750,0.19445511955752495
50,HUST,3,cox,1000,0.21858409464799072
50,HUST,3,cox,1500,0.2524300209478486
50,HUST,3,cox,2000,0.24738398416794025
50,MIT,5,xgb_aft,125,0.0002370902252245234
50,MIT,5,xgb_aft,250,0.014029678211001527
50,MIT,5,xgb_aft,500,0.15297210457545596
50,MIT,5,xgb_aft,750,0.21224295182090153
50,MIT,5,xgb_aft,1000,0.235957235699821
50,MIT,5,xgb_aft,1500,
50,MIT,5,xgb_aft,2000,
50,MIT,5,cox,125,0.008068625112106586
50,MIT,5,cox,250,0.01609539827325353
50,MIT,5,cox,500,0.19621414962881595
50,MIT,5,cox,750,0.2910109646180661
50,MIT,5,cox,1000,0.29290827303395267
50,MIT,5,cox,1500,
50,MIT,5,cox,2000,
50,XJTU,5,xgb_aft,125,0.09689218794977071
50,XJTU,5,xgb_aft,250,0.3569059608802199
50,XJTU,5,xgb_aft,500,0.6428630515225344
50,XJTU,5,xgb_aft,750,0.0958010756707054
50,XJTU,5,xgb_aft,1000,
50,XJTU,5,xgb_aft,1500,
50,XJTU,5,xgb_aft,2000,
50,XJTU,5,cox,125,0.0005257398812155269
50,XJTU,5,cox,250,0.01743596341631414
50,XJTU,5,cox,500,0.4143501077844574
50,XJTU,5,cox,750,0.10891315435077391
50,XJTU,5,cox,1000,
50,XJTU,5,cox,1500,
50,XJTU,5,cox,2000,
50,TJU,5,xgb_aft,125,0.05221648039943824
50,TJU,5,xgb_aft,250,0.1772270803431842
50,TJU,5,xgb_aft,500,0.34218755392679495
50,TJU,5,xgb_aft,750,0.24859007615749112
50,TJU,5,xgb_aft,1000,0.20119639382197022
50,TJU,5,xgb_aft,1500,
50,TJU,5,xgb_aft,2000,
50,TJU,5,cox,125,0.03430052484490816
50,TJU,5,cox,250,0.1339423520875964
50,TJU,5,cox,500,0.4706998595287063
50,TJU,5,cox,750,0.08801558634916205
50,TJU,5,cox,1000,0.054009188008276685
50,TJU,5,cox,1500,
50,TJU,5,cox,2000,
50,NASA,5,xgb_aft,125,0.43489597211109193
50,NASA,5,xgb_aft,250,
50,NASA,5,xgb_aft,500,
50,NASA,5,xgb_aft,750,
50,NASA,5,xgb_aft,1000,
50,NASA,5,xgb_aft,1500,
50,NASA,5,xgb_aft,2000,
50,NASA,5,cox,125,0.52
50,NASA,5,cox,250,
50,NASA,5,cox,500,
50,NASA,5,cox,750,
50,NASA,5,cox,1000,
50,NASA,5,cox,1500,
50,NASA,5,cox,2000,
50,CALCE,5,xgb_aft,125,0.1269285252119189
50,CALCE,5,xgb_aft,250,0.409096863452748
50,CALCE,5,xgb_aft,500,0.5992766872407174
50,CALCE,5,xgb_aft,750,
50,CALCE,5,xgb_aft,1000,
50,CALCE,5,xgb_aft,1500,
50,CALCE,5,xgb_aft,2000,
50,CALCE,5,cox,125,6.504854820080276e-05
50,CALCE,5,cox,250,0.002226407841806523
50,CALCE,5,cox,500,0.09601001232308609
50,CALCE,5,cox,750,
50,CALCE,5,cox,1000,
50,CALCE,5,cox,1500,
50,CALCE,5,cox,2000,
50,HUST,5,xgb_aft,125,0.00027719223123088063
50,HUST,5,xgb_aft,250,0.0024172939638068187
50,HUST,5,xgb_aft,500,0.010788226635568738
50,HUST,5,xgb_aft,750,0.021871182903759265
50,HUST,5,xgb_aft,1000,0.04086704116550081
50,HUST,5,xgb_aft,1500,0.24171253176926308
50,HUST,5,xgb_aft,2000,0.45594400716536787
50,HUST,5,cox,125,1.877208153545001e-05
50,HUST,5,cox,250,0.0006499215571255681
50,HUST,5,cox,500,0.023866059758395217
50,HUST,5,cox,750,0.17515419273563115
50,HUST,5,cox,1000,0.2056239439953685
50,HUST,5,cox,1500,0.24719101689202536
50,HUST,5,cox,2000,0.25981447938282715
100,MIT,1,xgb_aft,125,0.0011739803805624709
100,MIT,1,xgb_aft,250,0.0038777487299732245
100,MIT,1,xgb_aft,500,0.14851420609767454
100,MIT,1,xgb_aft,750,0.21958455846005112
100,MIT,1,xgb_aft,1000,0.2368705881160118
100,MIT,1,xgb_aft,1500,
100,MIT,1,xgb_aft,2000,
100,MIT,1,cox,125,0.0057360944013543505
100,MIT,1,cox,250,0.015028330825566802
100,MIT,1,cox,500,0.18960981060424628
100,MIT,1,cox,750,0.2875046163276688
100,MIT,1,cox,1000,0.2865141309321336
100,MIT,1,cox,1500,
100,MIT,1,cox,2000,
100,XJTU,1,xgb_aft,125,6.743912208564909e-05
100,XJTU,1,xgb_aft,250,0.009866549580843023
100,XJTU,1,xgb_aft,500,0.2575664622842838
100,XJTU,1,xgb_aft,750,
100,XJTU,1,xgb_aft,1000,
100,XJTU,1,xgb_aft,1500,
100,XJTU,1,xgb_aft,2000,
100,XJTU,1,cox,125,0.0010551935704486213
100,XJTU,1,cox,250,0.09470966317669241
100,XJTU,1,cox,500,0.7278361280945477
100,XJTU,1,cox,750,
100,XJTU,1,cox,1000,
100,XJTU,1,cox,1500,
100,XJTU,1,cox,2000,
100,TJU,1,xgb_aft,125,0.0016854723549305085
100,TJU,1,xgb_aft,250,0.17422160327841882
100,TJU,1,xgb_aft,500,0.35609914046430213
100,TJU,1,xgb_aft,750,0.1354220542525058
100,TJU,1,xgb_aft,1000,0.08161814597804457
100,TJU,1,xgb_aft,1500,
100,TJU,1,xgb_aft,2000,
100,TJU,1,cox,125,0.03086019563776001
100,TJU,1,cox,250,0.24142281287857026
100,TJU,1,cox,500,0.4779832335453335
100,TJU,1,cox,750,0.06458949203516638
100,TJU,1,cox,1000,0.03318147584046491
100,TJU,1,cox,1500,
100,TJU,1,cox,2000,
100,NASA,1,xgb_aft,125,0.252710849755163
100,NASA,1,xgb_aft,250,
100,NASA,1,xgb_aft,500,
100,NASA,1,xgb_aft,750,
100,NASA,1,xgb_aft,1000,
100,NASA,1,xgb_aft,1500,
100,NASA,1,xgb_aft,2000,
100,NASA,1,cox,125,0.6441966561394818
100,NASA,1,cox,250,
100,NASA,1,cox,500,
100,NASA,1,cox,750,
100,NASA,1,cox,1000,
100,NASA,1,cox,1500,
100,NASA,1,cox,2000,
100,CALCE,1,xgb_aft,125,0.1435357002173612
100,CALCE,1,xgb_aft,250,0.4842159576709271
100,CALCE,1,xgb_aft,500,
100,CALCE,1,xgb_aft,750,
100,CALCE,1,xgb_aft,1000,
100,CALCE,1,xgb_aft,1500,
100,CALCE,1,xgb_aft,2000,
100,CALCE,1,cox,125,0.13984429559109152
100,CALCE,1,cox,250,0.4741555548932882
100,CALCE,1,cox,500,
100,CALCE,1,cox,750,
100,CALCE,1,cox,1000,
100,CALCE,1,cox,1500,
100,CALCE,1,cox,2000,
100,HUST,1,xgb_aft,125,5.331832288571807e-07
100,HUST,1,xgb_aft,250,0.0013454750453417666
100,HUST,1,xgb_aft,500,0.023552270222440098
100,HUST,1,xgb_aft,750,0.06854150899232044
100,HUST,1,xgb_aft,1000,0.12312791202741076
100,HUST,1,xgb_aft,1500,0.24870504358171516
100,HUST,1,xgb_aft,2000,0.183156481958169
100,HUST,1,cox,125,5.003011563260197e-06
100,HUST,1,cox,250,0.0007310765591925974
100,HUST,1,cox,500,0.03377669173831035
100,HUST,1,cox,750,0.2146879002282561
100,HUST,1,cox,1000,0.24110922289555323
100,HUST,1,cox,1500,0.256815152843249
100,HUST,1,cox,2000,0.2263321279300625
100,MIT,3,xgb_aft,125,0.00010421862947426051
100,MIT,3,xgb_aft,250,0.0038335549346924093
100,MIT,3,xgb_aft,500,0.15162808653825974
100,MIT,3,xgb_aft,750,0.22540588846672566
100,MIT,3,xgb_aft,1000,0.2355793533163434
100,MIT,3,xgb_aft,1500,
100,MIT,3,xgb_aft,2000,
100,MIT,3,cox,125,0.0007367427096403936
100,MIT,3,cox,250,0.015271953701738124
100,MIT,3,cox,500,0.1942335186005129
100,MIT,3,cox,750,0.2963043536551572
100,MIT,3,cox,1000,0.2931349682028586
100,MIT,3,cox,1500,
100,MIT,3,cox,2000,
100,XJTU,3,xgb_aft,125,6.274772692080699e-07
100,XJTU,3,xgb_aft,250,0.0016246732350756411
100,XJTU,3,xgb_aft,500,0.1756818812102285
100,XJTU,3,xgb_aft,750,
100,XJTU,3,xgb_aft,1000,
100,XJTU,3,xgb_aft,1500,
100,XJTU,3,xgb_aft,2000,
100,XJTU,3,cox,125,1.0380617613463177e-05
100,XJTU,3,cox,250,0.0018102294246795409
100,XJTU,3,cox,500,0.24420807690043977
100,XJTU,3,cox,750,
100,XJTU,3,cox,1000,
100,XJTU,3,cox,1500,
100,XJTU,3,cox,2000,
100,TJU,3,xgb_aft,125,0.0033640832201599063
100,TJU,3,xgb_aft,250,0.1633580372874014
100,TJU,3,xgb_aft,500,0.2697318808631982
100,TJU,3,xgb_aft,750,0.1721280244479892
100,TJU,3,xgb_aft,1000,0.1102510957418065
100,TJU,3,xgb_aft,1500,
100,TJU,3,xgb_aft,2000,
100,TJU,3,cox,125,0.011240187596141246
100,TJU,3,cox,250,0.1275753921837549
100,TJU,3,cox,500,0.4493947683466772
100,TJU,3,cox,750,0.06316635061882353
100,TJU,3,cox,1000,0.031950876042749765
100,TJU,3,cox,1500,
100,TJU,3,cox,2000,
100,NASA,3,xgb_aft,125,0.39676548568646847
100,NASA,3,xgb_aft,250,
100,NASA,3,xgb_aft,500,
100,NASA,3,xgb_aft,750,
100,NASA,3,xgb_aft,1000,
100,NASA,3,xgb_aft,1500,
100,NASA,3,xgb_aft,2000,
100,NASA,3,cox,125,0.4
100,NASA,3,cox,250,
100,NASA,3,cox,500,
100,NASA,3,cox,750,
100,NASA,3,cox,1000,
100,NASA,3,cox,1500,
100,NASA,3,cox,2000,
100,CALCE,3,xgb_aft,125,0.017978665923358693
100,CALCE,3,xgb_aft,250,0.2624688881238667
100,CALCE,3,xgb_aft,500,0.4088430875599053
100,CALCE,3,xgb_aft,750,
100,CALCE,3,xgb_aft,1000,
100,CALCE,3,xgb_aft,1500,
100,CALCE,3,xgb_aft,2000,
100,CALCE,3,cox,125,8.696416958530321e-05
100,CALCE,3,cox,250,0.014113108018560163
100,CALCE,3,cox,500,0.2945949923191465
100,CALCE,3,cox,750,
100,CALCE,3,cox,1000,
100,CALCE,3,cox,1500,
100,CALCE,3,cox,2000,
100,HUST,3,xgb_aft,125,4.409813677890735e-07
100,HUST,3,xgb_aft,250,0.0006282066062310675
100,HUST,3,xgb_aft,500,0.009367710055631332
100,HUST,3,xgb_aft,750,0.028368854072969334
100,HUST,3,xgb_aft,1000,0.054610756777048824
100,HUST,3,xgb_aft,1500,0.23124052058312877
100,HUST,3,xgb_aft,2000,0.31039657594119535
100,HUST,3,cox,125,2.694613167471949e-06
100,HUST,3,cox,250,0.00044132465345085716
100,HUST,3,cox,500,0.02070377737032159
100,HUST,3,cox,750,0.18460112119293445
100,HUST,3,cox,1000,0.20978706563595262
100,HUST,3,cox,1500,0.24749028155125602
100,HUST,3,cox,2000,0.25227628351880477
100,MIT,5,xgb_aft,125,3.508110336494026e-05
100,MIT,5,xgb_aft,250,0.004663832569122958
100,MIT,5,xgb_aft,500,0.14855309468156394
100,MIT,5,xgb_aft,750,0.2167507856254215
100,MIT,5,xgb_aft,1000,0.2151403122059248
100,MIT,5,xgb_aft,1500,
100,MIT,5,xgb_aft,2000,
100,MIT,5,cox,125,0.0009098910481034887
100,MIT,5,cox,250,0.015372823323842998
100,MIT,5,cox,500,0.19502527035254177
100,MIT,5,cox,750,0.2920102327466078
100,MIT,5,cox,1000,0.2875420108603379
100,MIT,5,cox,1500,
100,MIT,5,cox,2000,
100,XJTU,5,xgb_aft,125,5.549636422053243e-07
100,XJTU,5,xgb_aft,250,0.0016647260532786955
100,XJTU,5,xgb_aft,500,0.14344280902202214
100,XJTU,5,xgb_aft,750,0.4623881004296095
100,XJTU,5,xgb_aft,1000,
100,XJTU,5,xgb_aft,1500,
100,XJTU,5,xgb_aft,2000,
100,XJTU,5,cox,125,1.0640824062406417e-05
100,XJTU,5,cox,250,0.0016702982301787421
100,XJTU,5,cox,500,0.21010799492061155
100,XJTU,5,cox,750,0.21579752052720286
100,XJTU,5,cox,1000,
100,XJTU,5,cox,1500,
100,XJTU,5,cox,2000,
100,TJU,5,xgb_aft,125,0.002984487359395098
100,TJU,5,xgb_aft,250,0.1565245848278801
100,TJU,5,xgb_aft,500,0.25070650827726493
100,TJU,5,xgb_aft,750,0.18323949062665365
100,TJU,5,xgb_aft,1000,0.11852601811691338
100,TJU,5,xgb_aft,1500,
100,TJU,5,xgb_aft,2000,
100,TJU,5,cox,125,0.00530588985804048
100,TJU,5,cox,250,0.11535275104603866
100,TJU,5,cox,500,0.38761445639399716
100,TJU,5,cox,750,0.06471868513649726
100,TJU,5,cox,1000,0.03377524229736826
100,TJU,5,cox,1500,
100,TJU,5,cox,2000,
100,NASA,5,xgb_aft,125,0.39976247974973284
100,NASA,5,xgb_aft,250,
100,NASA,5,xgb_aft,500,
100,NASA,5,xgb_aft,750,
100,NASA,5,xgb_aft,1000,
100,NASA,5,xgb_aft,1500,
100,NASA,5,xgb_aft,2000,
100,NASA,5,cox,125,0.4
100,NASA,5,cox,250,
100,NASA,5,cox,500,
100,NASA,5,cox,750,
100,NASA,5,cox,1000,
100,NASA,5,cox,1500,
100,NASA,5,cox,2000,
100,CALCE,5,xgb_aft,125,0.005816667018504756
100,CALCE,5,xgb_aft,250,0.1576761634284054
100,CALCE,5,xgb_aft,500,0.3006626010958275
100,CALCE,5,xgb_aft,750,
100,CALCE,5,xgb_aft,1000,
100,CALCE,5,xgb_aft,1500,
100,CALCE,5,xgb_aft,2000,
100,CALCE,5,cox,125,8.474041062745603e-05
100,CALCE,5,cox,250,0.012588251906370418
100,CALCE,5,cox,500,0.28519496125863036
100,CALCE,5,cox,750,
100,CALCE,5,cox,1000,
100,CALCE,5,cox,1500,
100,CALCE,5,cox,2000,
100,HUST,5,xgb_aft,125,5.116618452898981e-08
100,HUST,5,xgb_aft,250,0.0001534038022326216
100,HUST,5,xgb_aft,500,0.0030974230817972697
100,HUST,5,xgb_aft,750,0.010676458366363587
100,HUST,5,xgb_aft,1000,0.024705632485248433
100,HUST,5,xgb_aft,1500,0.2613390276895252
100,HUST,5,xgb_aft,2000,0.44820746083087953
100,HUST,5,cox,125,2.5627849985025784e-06
100,HUST,5,cox,250,0.00038094335124568506
100,HUST,5,cox,500,0.01954330010033849
100,HUST,5,cox,750,0.16804960874840788
100,HUST,5,cox,1000,0.20046876746391606
100,HUST,5,cox,1500,0.2438795393487494
100,HUST,5,cox,2000,0.26148577347198515
