landmark,domain,endpoint_records,model,n_common_cells,n_events,event_medape_pct,n_event_medians_available,harrell_c,n_supported_horizons,grid_integrated_brier,note,n_common_supported_horizons,common_grid_first_cycle,common_grid_last_cycle,common_grid_integrated_brier
50,MIT,1,xgb_aft,124,43,134.01260226086688,43,0.6617647058823529,5,0.1490284809846499,"different endpoint rules define different outcomes; compare stability, not accuracy improvement",5,125,1000,0.1490284809846499
50,MIT,1,cox,124,43,232.3353293413174,43,0.6803768382352942,5,0.18237291070195313,"different endpoint rules define different outcomes; compare stability, not accuracy improvement",5,125,1000,0.18237291070195313
50,XJTU,1,xgb_aft,39,24,59.90634668613357,24,0.24662162162162163,3,0.2798136935166258,"different endpoint rules define different outcomes; compare stability, not accuracy improvement",3,125,500,0.2798136935166258
50,XJTU,1,cox,39,24,36.60650218027267,24,0.27702702702702703,3,0.22737930187115235,"different endpoint rules define different outcomes; compare stability, not accuracy improvement",3,125,500,0.22737930187115235
50,TJU,1,xgb_aft,119,75,59.94489569413034,75,0.4363274587833997,5,0.23551113341316432,"different endpoint rules define different outcomes; compare stability, not accuracy improvement",5,125,1000,0.23551113341316432
50,TJU,1,cox,119,75,78.23275862068965,75,0.5511654349061967,5,0.29429901466701525,"different endpoint rules define different outcomes; compare stability, not accuracy improvement",5,125,1000,0.29429901466701525
50,NASA,1,xgb_aft,11,5,115.8477282914959,5,0.8620689655172413,1,,"different endpoint rules define different outcomes; compare stability, not accuracy improvement",1,125,125,
50,NASA,1,cox,11,5,326.61290322580646,5,0.4482758620689655,1,,"different endpoint rules define different outcomes; compare stability, not accuracy improvement",1,125,125,
50,CALCE,1,xgb_aft,9,9,76.25117021448472,9,0.25,2,0.3957096590906052,"different endpoint rules define different outcomes; compare stability, not accuracy improvement",2,125,250,0.3957096590906052
50,CALCE,1,cox,9,9,383.46456692913387,9,0.4166666666666667,2,0.47158630687052283,"different endpoint rules define different outcomes; compare stability, not accuracy improvement",2,125,250,0.47158630687052283
50,HUST,1,xgb_aft,77,77,24.699166388540757,77,0.611965811965812,7,0.15616654871650318,"different endpoint rules define different outcomes; compare stability, not accuracy improvement",7,125,2000,0.15616654871650318
50,HUST,1,cox,77,77,38.61471404970298,72,0.4817094017094017,7,0.1812515047780785,"different endpoint rules define different outcomes; compare stability, not accuracy improvement",7,125,2000,0.1812515047780785
50,MIT,3,xgb_aft,124,43,98.1439260490836,43,0.7288602941176471,5,0.14503143814164715,"different endpoint rules define different outcomes; compare stability, not accuracy improvement",5,125,1000,0.14503143814164715
50,MIT,3,cox,124,43,235.68548387096774,43,0.69140625,5,0.1862736689360543,"different endpoint rules define different outcomes; compare stability, not accuracy improvement",5,125,1000,0.1862736689360543
50,XJTU,3,xgb_aft,39,21,67.56186019869361,21,0.21585903083700442,3,0.3870243603907368,"different endpoint rules define different outcomes; compare stability, not accuracy improvement",3,125,500,0.3870243603907368
50,XJTU,3,cox,39,21,24.59807073954984,21,0.2555066079295154,3,0.15105802629718798,"different endpoint rules define different outcomes; compare stability, not accuracy improvement",3,125,500,0.15105802629718798
50,TJU,3,xgb_aft,119,75,41.75737463909647,75,0.47966439135381117,5,0.2215097982724364,"different endpoint rules define different outcomes; compare stability, not accuracy improvement",5,125,1000,0.2215097982724364
50,TJU,3,cox,119,75,49.557522123893804,75,0.5511945392491467,5,0.21310682674972783,"different endpoint rules define different outcomes; compare stability, not accuracy improvement",5,125,1000,0.21310682674972783
50,NASA,3,xgb_aft,11,5,340.5811360677083,5,0.9615384615384616,1,,"different endpoint rules define different outcomes; compare stability, not accuracy improvement",1,125,125,
50,NASA,3,cox,11,5,462.29508196721315,5,0.2692307692307692,1,,"different endpoint rules define different outcomes; compare stability, not accuracy improvement",1,125,125,
50,CALCE,3,xgb_aft,9,9,49.16566093012972,9,0.8055555555555556,3,0.31497393668840884,"different endpoint rules define different outcomes; compare stability, not accuracy improvement",2,125,250,0.1881414646059058
50,CALCE,3,cox,9,9,12.454212454212454,9,0.6944444444444444,3,0.034093017154968985,"different endpoint rules define different outcomes; compare stability, not accuracy improvement",2,125,250,0.0012332910852176102
50,HUST,3,xgb_aft,77,77,72.97727252365253,77,0.6242735042735043,7,0.13500779988898928,"different endpoint rules define different outcomes; compare stability, not accuracy improvement",7,125,2000,0.13500779988898928
50,HUST,3,cox,77,77,38.75683283324916,36,0.4666666666666667,7,0.1734036566690033,"different endpoint rules define different outcomes; compare stability, not accuracy improvement",7,125,2000,0.1734036566690033
50,MIT,5,xgb_aft,124,42,108.46526843159138,42,0.7479608482871125,5,0.14107863013166438,"different endpoint rules define different outcomes; compare stability, not accuracy improvement",5,125,1000,0.14107863013166438
50,MIT,5,cox,124,42,236.02456011730206,42,0.6907480773712421,5,0.18507655878480722,"different endpoint rules define different outcomes; compare stability, not accuracy improvement",5,125,1000,0.18507655878480722
50,XJTU,5,xgb_aft,39,16,70.74373797941152,16,0.2215568862275449,4,0.3930664428021979,"different endpoint rules define different outcomes; compare stability, not accuracy improvement",3,125,500,0.4088893622725832
50,XJTU,5,cox,39,16,31.394672382118802,16,0.2934131736526946,4,0.19280603699695356,"different endpoint rules define different outcomes; compare stability, not accuracy improvement",3,125,500,0.14692230761651212
50,TJU,5,xgb_aft,119,73,48.51815785957858,73,0.45459976105137395,5,0.23924293067214825,"different endpoint rules define different outcomes; compare stability, not accuracy improvement",5,125,1000,0.23924293067214825
50,TJU,5,cox,119,73,35.26970954356847,73,0.5522700119474313,5,0.19850055290255172,"different endpoint rules define different outcomes; compare stability, not accuracy improvement",5,125,1000,0.19850055290255172
50,NASA,5,xgb_aft,11,5,465.4852098034274,5,0.8846153846153846,1,,"different endpoint rules define different outcomes; compare stability, not accuracy improvement",1,125,125,
50,NASA,5,cox,11,5,442.62295081967216,5,0.2692307692307692,1,,"different endpoint rules define different outcomes; compare stability, not accuracy improvement",1,125,125,
50,CALCE,5,xgb_aft,9,9,66.40743654165695,9,0.7222222222222222,3,0.4254620816752662,"different endpoint rules define different outcomes; compare stability, not accuracy improvement",2,125,250,0.26801269433233343
50,CALCE,5,cox,9,9,15.934065934065933,9,0.7222222222222222,3,0.03312738278663209,"different endpoint rules define different outcomes; compare stability, not accuracy improvement",2,125,250,0.001145728195003663
50,HUST,5,xgb_aft,77,77,307.9947604892251,77,0.6405128205128205,7,0.13802817473628481,"different endpoint rules define different outcomes; compare stability, not accuracy improvement",7,125,2000,0.13802817473628481
50,HUST,5,cox,77,77,43.41368060863371,8,0.4444444444444444,7,0.16828597544562465,"different endpoint rules define different outcomes; compare stability, not accuracy improvement",7,125,2000,0.16828597544562465
100,MIT,1,xgb_aft,124,43,149.63726957967458,43,0.7605698529411765,5,0.13992453293095775,"different endpoint rules define different outcomes; compare stability, not accuracy improvement",5,125,1000,0.13992453293095775
100,MIT,1,cox,124,43,236.08870967741936,43,0.6624540441176471,5,0.18087907546214158,"different endpoint rules define different outcomes; compare stability, not accuracy improvement",5,125,1000,0.18087907546214158
100,XJTU,1,xgb_aft,39,24,154.40857745229934,24,0.4560810810810811,3,0.09080000207219706,"different endpoint rules define different outcomes; compare stability, not accuracy improvement",3,125,500,0.09080000207219706
100,XJTU,1,cox,39,24,42.91457855545174,24,0.28040540540540543,3,0.29014273988160355,"different endpoint rules define different outcomes; compare stability, not accuracy improvement",3,125,500,0.29014273988160355
100,TJU,1,xgb_aft,119,75,51.90899266049732,75,0.5019897669130188,5,0.18954795378667913,"different endpoint rules define different outcomes; compare stability, not accuracy improvement",5,125,1000,0.18954795378667913
100,TJU,1,cox,119,75,50.71090047393365,75,0.6389994314951677,5,0.2136987491626,"different endpoint rules define different outcomes; compare stability, not accuracy improvement",5,125,1000,0.2136987491626
100,NASA,1,xgb_aft,8,3,45.40400741123917,3,0.9166666666666666,1,,"different endpoint rules define different outcomes; compare stability, not accuracy improvement",1,125,125,
100,NASA,1,cox,8,3,19.28571428571429,3,0.3333333333333333,1,,"different endpoint rules define different outcomes; compare stability, not accuracy improvement",1,125,125,
100,CALCE,1,xgb_aft,7,7,145.02207838644193,7,0.2857142857142857,2,0.3138758289441442,"different endpoint rules define different outcomes; compare stability, not accuracy improvement",2,125,250,0.3138758289441442
100,CALCE,1,cox,7,7,119.82758620689656,7,0.47619047619047616,2,0.3069999252421899,"different endpoint rules define different outcomes; compare stability, not accuracy improvement",2,125,250,0.3069999252421899
100,HUST,1,xgb_aft,77,77,20.19408552971691,77,0.5902564102564103,7,0.12778152746097193,"different endpoint rules define different outcomes; compare stability, not accuracy improvement",7,125,2000,0.12778152746097193
100,HUST,1,cox,77,77,38.268322666827586,74,0.5282051282051282,7,0.18008538907983226,"different endpoint rules define different outcomes; compare stability, not accuracy improvement",7,125,2000,0.18008538907983226
100,MIT,3,xgb_aft,124,43,163.1156322701836,43,0.7136948529411765,5,0.14220710643472714,"different endpoint rules define different outcomes; compare stability, not accuracy improvement",5,125,1000,0.14220710643472714
100,MIT,3,cox,124,43,240.3225806451613,43,0.6730238970588235,5,0.18535528780308946,"different endpoint rules define different outcomes; compare stability, not accuracy improvement",5,125,1000,0.18535528780308946
100,XJTU,3,xgb_aft,39,21,234.98720391929058,21,0.42731277533039647,3,0.05937306826715886,"different endpoint rules define different outcomes; compare stability, not accuracy improvement",3,125,500,0.05937306826715886
100,XJTU,3,cox,39,21,11.786372007366483,21,0.32599118942731276,3,0.08230953711542194,"different endpoint rules define different outcomes; compare stability, not accuracy improvement",3,125,500,0.08230953711542194
100,TJU,3,xgb_aft,119,75,49.58606269032049,75,0.5247440273037542,5,0.17724142912933763,"different endpoint rules define different outcomes; compare stability, not accuracy improvement",5,125,1000,0.17724142912933763
100,TJU,3,cox,119,75,34.53947368421053,75,0.6390784982935154,5,0.1791508994353506,"different endpoint rules define different outcomes; compare stability, not accuracy improvement",5,125,1000,0.1791508994353506
100,NASA,3,xgb_aft,8,3,112.07747686476934,3,0.7777777777777778,1,,"different endpoint rules define different outcomes; compare stability, not accuracy improvement",1,125,125,
100,NASA,3,cox,8,3,35.483870967741936,3,0.3333333333333333,1,,"different endpoint rules define different outcomes; compare stability, not accuracy improvement",1,125,125,
100,CALCE,3,xgb_aft,7,7,49.191473926287244,7,0.7619047619047619,3,0.27051191756912824,"different endpoint rules define different outcomes; compare stability, not accuracy improvement",2,125,250,0.1402237770236127
100,CALCE,3,cox,7,7,13.530326594090203,7,0.6190476190476191,3,0.10526937881059312,"different endpoint rules define different outcomes; compare stability, not accuracy improvement",2,125,250,0.007100036094072733
100,HUST,3,xgb_aft,77,77,58.68496475468241,77,0.628034188034188,7,0.1190668775468856,"different endpoint rules define different outcomes; compare stability, not accuracy improvement",7,125,2000,0.1190668775468856
100,HUST,3,cox,77,77,34.52242377210851,36,0.5066666666666667,7,0.16900986810425092,"different endpoint rules define different outcomes; compare stability, not accuracy improvement",7,125,2000,0.16900986810425092
100,MIT,5,xgb_aft,124,42,203.47629945148918,42,0.7209275227219762,5,0.13610876603218036,"different endpoint rules define different outcomes; compare stability, not accuracy improvement",5,125,1000,0.13610876603218036
100,MIT,5,cox,124,42,244.4452908864921,42,0.6541598694942904,5,0.18358959965263622,"different endpoint rules define different outcomes; compare stability, not accuracy improvement",5,125,1000,0.18358959965263622
100,XJTU,5,xgb_aft,39,16,114.38081903216465,16,0.41916167664670656,4,0.1503542170070786,"different endpoint rules define different outcomes; compare stability, not accuracy improvement",3,125,500,0.0486467251945871
100,XJTU,5,cox,39,16,18.32144574451034,16,0.31137724550898205,4,0.12770485562514505,"different endpoint rules define different outcomes; compare stability, not accuracy improvement",3,125,500,0.07087292089263696
100,TJU,5,xgb_aft,119,73,45.392713455346446,73,0.5848267622461171,5,0.1746710195494669,"different endpoint rules define different outcomes; compare stability, not accuracy improvement",5,125,1000,0.1746710195494669
100,TJU,5,cox,119,73,26.87296416938111,73,0.6439665471923537,5,0.15916051383663363,"different endpoint rules define different outcomes; compare stability, not accuracy improvement",5,125,1000,0.15916051383663363
100,NASA,5,xgb_aft,8,3,182.46512276785714,3,0.7777777777777778,1,,"different endpoint rules define different outcomes; compare stability, not accuracy improvement",1,125,125,
100,NASA,5,cox,8,3,32.25806451612903,3,0.3333333333333333,1,,"different endpoint rules define different outcomes; compare stability, not accuracy improvement",1,125,125,
100,CALCE,5,xgb_aft,7,7,28.5369293265598,7,0.8095238095238095,3,0.18002839324922934,"different endpoint rules define different outcomes; compare stability, not accuracy improvement",2,125,250,0.08174641522345508
100,CALCE,5,cox,7,7,15.671641791044777,7,0.7142857142857143,3,0.10137323644116658,"different endpoint rules define different outcomes; compare stability, not accuracy improvement",2,125,250,0.006336496158498937
100,HUST,5,xgb_aft,77,77,139.65622821441562,77,0.5767521367521368,7,0.13624438827055788,"different endpoint rules define different outcomes; compare stability, not accuracy improvement",7,125,2000,0.13624438827055788
100,HUST,5,cox,77,77,42.02152581497931,24,0.5094017094017094,7,0.16504363472317177,"different endpoint rules define different outcomes; compare stability, not accuracy improvement",7,125,2000,0.16504363472317177
