landmark,domain,arm,n_target,n_events,n_source_train,n_source_events,n_in_domain_folds,n_supported_horizons,first_supported_horizon,last_supported_horizon,grid_integrated_brier,harrell_c,event_medape_pct
50,MIT,source_aft,124,43,255,187,,5,125,1000,0.14503143814164715,0.7288602941176471,98.14393000429754
50,MIT,within_domain_aft,124,43,255,187,5,5,125,1000,0.06684829604695025,0.8779871323529411,9.769137308835862
50,MIT,source_event_only_regression,124,43,255,187,,5,125,1000,0.17800197352704825,0.8198529411764706,24.826228761882245
50,XJTU,source_aft,39,21,340,209,,3,125,500,0.3870243603907368,0.21585903083700442,67.56186209660027
50,XJTU,within_domain_aft,39,21,340,209,5,3,125,500,0.07444601237127857,0.6563876651982379,13.541282437466068
50,XJTU,source_event_only_regression,39,21,340,209,,3,125,500,0.21943784374191277,0.3370044052863436,46.25771498753812
50,TJU,source_aft,119,75,260,155,,5,125,1000,0.2215097982724364,0.47966439135381117,41.75737211941391
50,TJU,within_domain_aft,119,75,260,155,5,5,125,1000,0.20705978372025635,0.6906996587030717,53.95672948902232
50,TJU,source_event_only_regression,119,75,260,155,,5,125,1000,0.18019757226146918,0.4866325369738339,51.287807077222126
50,NASA,source_aft,11,5,368,225,,1,,,,0.9615384615384616,340.5810995363255
50,NASA,within_domain_aft,11,5,368,225,3,1,,,,0.7884615384615384,53.28606277206242
50,NASA,source_event_only_regression,11,5,368,225,,1,,,,0.38461538461538464,417.9770782095954
50,CALCE,source_aft,9,9,370,221,,3,125,500,0.31497393668840884,0.8055555555555556,49.16565922618379
50,CALCE,within_domain_aft,9,9,370,221,3,3,125,500,0.10079582252374059,0.75,10.316751708545258
50,CALCE,source_event_only_regression,9,9,370,221,,3,125,500,0.5304710841396902,0.8333333333333334,75.06921503352017
50,HUST,source_aft,77,77,302,153,,7,125,2000,0.13500779988898928,0.6242735042735043,72.97726134274033
50,HUST,within_domain_aft,77,77,302,153,5,7,125,2000,0.15522908016852874,0.638974358974359,11.621727999564913
50,HUST,source_event_only_regression,77,77,302,153,,7,125,2000,0.33598162262994336,0.42717948717948717,76.95501433484165
100,MIT,source_aft,124,43,252,185,,5,125,1000,0.14514535682911414,0.6848575367647058,198.3280173874166
100,MIT,within_domain_aft,124,43,252,185,5,5,125,1000,0.059657358123375775,0.8747702205882353,11.412485866511354
100,MIT,source_event_only_regression,124,43,252,185,,5,125,1000,0.14127514194750962,0.8051470588235294,102.4030730784291
100,XJTU,source_aft,39,21,337,207,,3,125,500,0.05506475425707345,0.4911894273127753,190.5149689834231
100,XJTU,within_domain_aft,39,21,337,207,5,3,125,500,0.08656036535945329,0.42290748898678415,19.602379332265286
100,XJTU,source_event_only_regression,39,21,337,207,,3,125,500,0.06151569227270631,0.28854625550660795,136.39313442140408
100,TJU,source_aft,119,75,257,153,,5,125,1000,0.19002103855038424,0.5378270762229806,49.184553623983554
100,TJU,within_domain_aft,119,75,257,153,5,5,125,1000,0.16484667454730054,0.7679180887372014,21.906889291363736
100,TJU,source_event_only_regression,119,75,257,153,,5,125,1000,0.1441186692703441,0.6897042093287827,12.672969855982286
100,NASA,source_aft,8,3,368,225,,1,,,,0.7777777777777778,201.43734447254212
100,NASA,within_domain_aft,8,3,368,225,3,1,,,,0.6666666666666666,15.114234675643734
100,NASA,source_event_only_regression,8,3,368,225,,1,,,,0.3333333333333333,254.0511901286796
100,CALCE,source_aft,9,9,367,219,,3,125,500,0.2544621270351074,0.7777777777777778,49.191472893818684
100,CALCE,within_domain_aft,9,9,367,219,3,3,125,500,0.09237235822203516,0.7638888888888888,11.840357528297485
100,CALCE,source_event_only_regression,9,9,367,219,,3,125,500,0.28223570374580015,0.6388888888888888,53.98409508354427
100,HUST,source_aft,77,77,299,151,,7,125,2000,0.11669433339766874,0.6555555555555556,50.32401437299263
100,HUST,within_domain_aft,77,77,299,151,5,7,125,2000,0.12083575347543604,0.7046153846153846,8.532151275974172
100,HUST,source_event_only_regression,77,77,299,151,,7,125,2000,0.4363366925652979,0.571965811965812,75.63454223842024
