landmark,domain,arm,horizon_cycle,n_at_risk_after_horizon,censor_survival,ipcw_brier,mean_predicted_risk
50,MIT,source_aft,125,124,1.0,0.0003055548182024852,0.01685419370659728
50,MIT,source_aft,250,123,1.0,0.014949893013263596,0.09504742761665498
50,MIT,source_aft,500,100,1.0,0.15523098936390625,0.26185103896712975
50,MIT,source_aft,750,61,0.7568829688462356,0.2185350569287448,0.3931706227125361
50,MIT,source_aft,1000,29,0.35982960814001347,0.24511035747723128,0.49295630122984646
50,MIT,source_aft,1500,8,0.09926334017655543,,0.6305378185969215
50,MIT,source_aft,2000,2,0.02481583504413886,,0.7187671942559108
50,MIT,within_domain_aft,125,124,1.0,0.0012721350978757214,0.019225773399372103
50,MIT,within_domain_aft,250,123,1.0,0.024704738312260194,0.07319121956859552
50,MIT,within_domain_aft,500,100,1.0,0.1088720067315971,0.15303376592106496
50,MIT,within_domain_aft,750,61,0.7568829688462356,0.07775165229316491,0.2031336110942798
50,MIT,within_domain_aft,1000,29,0.35982960814001347,0.05699757926179952,0.23715426176930987
50,MIT,within_domain_aft,1500,8,0.09926334017655543,,0.28076091236003214
50,MIT,within_domain_aft,2000,2,0.02481583504413886,,0.3081266001584101
50,MIT,source_event_only_regression,125,124,1.0,0.004152399952099269,0.046299255620774256
50,MIT,source_event_only_regression,250,123,1.0,0.03951003662431426,0.18439387070477778
50,MIT,source_event_only_regression,500,100,1.0,0.19296264742830804,0.4054696020464501
50,MIT,source_event_only_regression,750,61,0.7568829688462356,0.247343596733802,0.5488714772426394
50,MIT,source_event_only_regression,1000,29,0.35982960814001347,0.30406007145259667,0.6457171941507385
50,MIT,source_event_only_regression,1500,8,0.09926334017655543,,0.7648740372873931
50,MIT,source_event_only_regression,2000,2,0.02481583504413886,,0.8331049541889891
50,XJTU,source_aft,125,39,1.0,0.08688638032191018,0.27892093338523294
50,XJTU,source_aft,250,33,0.8461538461538461,0.33526642489175695,0.5731406715563304
50,XJTU,source_aft,500,16,0.5203869529255225,0.6147302536736198,0.7896309464189704
50,XJTU,source_aft,750,0,0.5203869529255225,,0.8719316427009333
50,XJTU,source_aft,1000,0,0.5203869529255225,,0.9131511786345967
50,XJTU,source_aft,1500,0,0.5203869529255225,,0.9522378487704768
50,XJTU,source_aft,2000,0,0.5203869529255225,,0.9698466166446298
50,XJTU,within_domain_aft,125,39,1.0,0.001572540662194004,0.02669233301836714
50,XJTU,within_domain_aft,250,33,0.8461538461538461,0.026737185415884008,0.10912386614096888
50,XJTU,within_domain_aft,500,16,0.5203869529255225,0.18244598865891268,0.2453747786368609
50,XJTU,within_domain_aft,750,0,0.5203869529255225,,0.3408660447070716
50,XJTU,within_domain_aft,1000,0,0.5203869529255225,,0.4115795316030969
50,XJTU,within_domain_aft,1500,0,0.5203869529255225,,0.5113666657214445
50,XJTU,within_domain_aft,2000,0,0.5203869529255225,,0.5802169752347136
50,XJTU,source_event_only_regression,125,39,1.0,0.022223694480888942,0.13591779053647832
50,XJTU,source_event_only_regression,250,33,0.8461538461538461,0.1522851639733431,0.3777812136386401
50,XJTU,source_event_only_regression,500,16,0.5203869529255225,0.4187739380252792,0.6332051758846736
50,XJTU,source_event_only_regression,750,0,0.5203869529255225,,0.7566007221293145
50,XJTU,source_event_only_regression,1000,0,0.5203869529255225,,0.8265820906416741
50,XJTU,source_event_only_regression,1500,0,0.5203869529255225,,0.8997789726911353
50,XJTU,source_event_only_regression,2000,0,0.5203869529255225,,0.9354975446977994
50,TJU,source_aft,125,117,0.9831932773109244,0.03265359125171461,0.1708728473358457
50,TJU,source_aft,250,74,0.7197968166683483,0.14771073286781392,0.3174484012523366
50,TJU,source_aft,500,33,0.569376444040601,0.3048242224735828,0.4669389085692976
50,TJU,source_aft,750,4,0.5394092627753062,0.2523711367753621,0.5516460407452503
50,TJU,source_aft,1000,2,0.5394092627753062,0.1982849744815867,0.6089394552614386
50,TJU,source_aft,1500,0,0.5394092627753062,,0.6841166438547901
50,TJU,source_aft,2000,0,0.5394092627753062,,0.7326617436702823
50,TJU,within_domain_aft,125,117,0.9831932773109244,0.03322265822750373,0.13559993431543663
50,TJU,within_domain_aft,250,74,0.7197968166683483,0.11983821573775603,0.24925161987527023
50,TJU,within_domain_aft,500,33,0.569376444040601,0.2229606299680814,0.3722094731274915
50,TJU,within_domain_aft,750,4,0.5394092627753062,0.28149514424936417,0.4464040960224754
50,TJU,within_domain_aft,1000,2,0.5394092627753062,0.24413828488651748,0.4989797358051115
50,TJU,within_domain_aft,1500,0,0.5394092627753062,,0.5716089922388154
50,TJU,within_domain_aft,2000,0,0.5394092627753062,,0.6212208039451167
50,TJU,source_event_only_regression,125,117,0.9831932773109244,0.052535327606888914,0.21291235041354417
50,TJU,source_event_only_regression,250,74,0.7197968166683483,0.1991864390324921,0.37389305849165105
50,TJU,source_event_only_regression,500,33,0.569376444040601,0.2508155759647391,0.5292331997828297
50,TJU,source_event_only_regression,750,4,0.5394092627753062,0.15874576498454349,0.6138123429761523
50,TJU,source_event_only_regression,1000,2,0.5394092627753062,0.11721300157953649,0.6695937942432901
50,TJU,source_event_only_regression,1500,0,0.5394092627753062,,0.7409179687415771
50,TJU,source_event_only_regression,2000,0,0.5394092627753062,,0.7857317718789008
50,NASA,source_aft,125,3,0.5681818181818181,0.4215182705881258,0.10542661157313273
50,NASA,source_aft,250,0,0.0,,0.2919677395181381
50,NASA,source_aft,500,0,0.0,,0.5181234546253896
50,NASA,source_aft,750,0,0.0,,0.6455577806480866
50,NASA,source_aft,1000,0,0.0,,0.7263906261938984
50,NASA,source_aft,1500,0,0.0,,0.8214640510345201
50,NASA,source_aft,2000,0,0.0,,0.8741324972239124
50,NASA,within_domain_aft,125,3,0.5681818181818181,0.07992433094150225,0.3194662579673139
50,NASA,within_domain_aft,250,0,0.0,,0.54511147939674
50,NASA,within_domain_aft,500,0,0.0,,0.724031402263349
50,NASA,within_domain_aft,750,0,0.0,,0.8062651945102419
50,NASA,within_domain_aft,1000,0,0.0,,0.85425029769162
50,NASA,within_domain_aft,1500,0,0.0,,0.9075375594704862
50,NASA,within_domain_aft,2000,0,0.0,,0.935823206722011
50,NASA,source_event_only_regression,125,3,0.5681818181818181,0.45797670287975145,0.09777000729792663
50,NASA,source_event_only_regression,250,0,0.0,,0.3049827614040004
50,NASA,source_event_only_regression,500,0,0.0,,0.5564949754264029
50,NASA,source_event_only_regression,750,0,0.0,,0.6910635436201127
50,NASA,source_event_only_regression,1000,0,0.0,,0.7721720300655242
50,NASA,source_event_only_regression,1500,0,0.0,,0.8619135876983375
50,NASA,source_event_only_regression,2000,0,0.0,,0.9081905012205567
50,CALCE,source_aft,125,9,1.0,0.08480339574704471,0.2429529519811241
50,CALCE,source_aft,250,9,1.0,0.2914795334647669,0.5123811670291546
50,CALCE,source_aft,500,8,1.0,0.4653008119945537,0.7421280270289192
50,CALCE,source_aft,750,0,1.0,,0.8396891878686167
50,CALCE,source_aft,1000,0,1.0,,0.8911380823250572
50,CALCE,source_aft,1500,0,1.0,,0.9414049770914201
50,CALCE,source_aft,2000,0,1.0,,0.9642495680089507
50,CALCE,within_domain_aft,125,9,1.0,0.003767208881912533,0.05854502055627331
50,CALCE,within_domain_aft,250,9,1.0,0.052185083833143256,0.22387421058998236
50,CALCE,within_domain_aft,500,8,1.0,0.22222623738055056,0.46380646674642645
50,CALCE,within_domain_aft,750,0,1.0,,0.6077400141618239
50,CALCE,within_domain_aft,1000,0,1.0,,0.7003052232473068
50,CALCE,within_domain_aft,1500,0,1.0,,0.8089662661059127
50,CALCE,within_domain_aft,2000,0,1.0,,0.8683330286161395
50,CALCE,source_event_only_regression,125,9,1.0,0.1769185296220103,0.41626415627305546
50,CALCE,source_event_only_regression,250,9,1.0,0.5275616047332193,0.7242723734601323
50,CALCE,source_event_only_regression,500,8,1.0,0.7116115805082368,0.8965690997702818
50,CALCE,source_event_only_regression,750,0,1.0,,0.9479447166218217
50,CALCE,source_event_only_regression,1000,0,1.0,,0.9696756620447164
50,CALCE,source_event_only_regression,1500,0,1.0,,0.9868991765821122
50,CALCE,source_event_only_regression,2000,0,1.0,,0.9931752802608919
50,HUST,source_aft,125,77,1.0,0.001900230324336531,0.040008384392714126
50,HUST,source_aft,250,77,1.0,0.011676046910454775,0.10210934265205285
50,HUST,source_aft,500,77,1.0,0.0395979066197438,0.19161249036109707
50,HUST,source_aft,750,77,1.0,0.06959153591027922,0.25613507535337415
50,HUST,source_aft,1000,76,1.0,0.10457794777893488,0.30658449045445924
50,HUST,source_aft,1500,49,1.0,0.22664219126009338,0.3827772459936911
50,HUST,source_aft,2000,8,1.0,0.28398565968488226,0.43923421874871676
50,HUST,within_domain_aft,125,77,1.0,0.004439215133443897,0.06604794642328184
50,HUST,within_domain_aft,250,77,1.0,0.02418395787696275,0.15467337475935558
50,HUST,within_domain_aft,500,77,1.0,0.07353352939642127,0.27025305654230214
50,HUST,within_domain_aft,750,77,1.0,0.12148771696903339,0.3476659211714629
50,HUST,within_domain_aft,1000,76,1.0,0.1682632554876737,0.4054433895041188
50,HUST,within_domain_aft,1500,49,1.0,0.2430839563388445,0.48870038546220285
50,HUST,within_domain_aft,2000,8,1.0,0.2113862867982282,0.5475501158422733
50,HUST,source_event_only_regression,125,77,1.0,0.05452614537171031,0.2314434411724792
50,HUST,source_event_only_regression,250,77,1.0,0.16379634808186086,0.4027182491615863
50,HUST,source_event_only_regression,500,77,1.0,0.3179648105322389,0.5623436489795333
50,HUST,source_event_only_regression,750,77,1.0,0.4198735270444155,0.6467610383185941
50,HUST,source_event_only_regression,1000,76,1.0,0.4872191604065264,0.7013943579322202
50,HUST,source_event_only_regression,1500,49,1.0,0.4058336374907221,0.7699345089207539
50,HUST,source_event_only_regression,2000,8,1.0,0.10304901915236393,0.8121658730296515
100,MIT,source_aft,125,124,1.0,9.4552625928601e-05,0.0015744526569188217
100,MIT,source_aft,250,123,1.0,0.003632833189660444,0.04224234186419776
100,MIT,source_aft,500,100,1.0,0.15455939062084234,0.1684938869591337
100,MIT,source_aft,750,61,0.7568829688462356,0.23237141663138297,0.28436129277303807
100,MIT,source_aft,1000,29,0.35982960814001347,0.23665935720189327,0.37981884242779135
100,MIT,source_aft,1500,8,0.09926334017655543,,0.5217767057254558
100,MIT,source_aft,2000,2,0.02481583504413886,,0.6197795132596772
100,MIT,within_domain_aft,125,124,1.0,6.12011565790451e-05,0.003726831527263627
100,MIT,within_domain_aft,250,123,1.0,0.02270016583345335,0.06927442795021092
100,MIT,within_domain_aft,500,100,1.0,0.10637756003583221,0.16922953215223752
100,MIT,within_domain_aft,750,61,0.7568829688462356,0.06403332745972994,0.2261126955676756
100,MIT,within_domain_aft,1000,29,0.35982960814001347,0.04269888254403664,0.2621864302552979
100,MIT,within_domain_aft,1500,8,0.09926334017655543,,0.30550770564275076
100,MIT,within_domain_aft,2000,2,0.02481583504413886,,0.33113006166572917
100,MIT,source_event_only_regression,125,124,1.0,0.0002223569853305646,0.0034754880089465814
100,MIT,source_event_only_regression,250,123,1.0,0.009141754620592624,0.07816363865026234
100,MIT,source_event_only_regression,500,100,1.0,0.1525418094616465,0.25955960089114155
100,MIT,source_event_only_regression,750,61,0.7568829688462356,0.2152828495254281,0.400034700620913
100,MIT,source_event_only_regression,1000,29,0.35982960814001347,0.2394528652348638,0.5044327619487656
100,MIT,source_event_only_regression,1500,8,0.09926334017655543,,0.6450101908905065
100,MIT,source_event_only_regression,2000,2,0.02481583504413886,,0.7330865078468737
100,XJTU,source_aft,125,39,1.0,5.805512144004974e-07,0.0006688606845068576
100,XJTU,source_aft,250,33,0.8461538461538461,0.0018521753567319948,0.041487271874202876
100,XJTU,source_aft,500,16,0.5203869529255225,0.16241570946051517,0.17671349744447842
100,XJTU,source_aft,750,0,0.5203869529255225,,0.2982242266312933
100,XJTU,source_aft,1000,0,0.5203869529255225,,0.3964302181411747
100,XJTU,source_aft,1500,0,0.5203869529255225,,0.5396683106679372
100,XJTU,source_aft,2000,0,0.5203869529255225,,0.6367549747079653
100,XJTU,within_domain_aft,125,39,1.0,4.874314349836375e-05,0.0036417363092491983
100,XJTU,within_domain_aft,250,33,0.8461538461538461,0.01599162912872514,0.08518263001971994
100,XJTU,within_domain_aft,500,16,0.5203869529255225,0.23566928081352295,0.2448813527615809
100,XJTU,within_domain_aft,750,0,0.5203869529255225,,0.3565274329285137
100,XJTU,within_domain_aft,1000,0,0.5203869529255225,,0.43784797395262953
100,XJTU,within_domain_aft,1500,0,0.5203869529255225,,0.5497320358106546
100,XJTU,within_domain_aft,2000,0,0.5203869529255225,,0.6243367685838687
100,XJTU,source_event_only_regression,125,39,1.0,4.879532794335103e-07,0.0006131119857058199
100,XJTU,source_event_only_regression,250,33,0.8461538461538461,0.0016622691418270645,0.03967088815105603
100,XJTU,source_event_only_regression,500,16,0.5203869529255225,0.18205342912873862,0.17239084290413453
100,XJTU,source_event_only_regression,750,0,0.5203869529255225,,0.2933024865956514
100,XJTU,source_event_only_regression,1000,0,0.5203869529255225,,0.39168859776224824
100,XJTU,source_event_only_regression,1500,0,0.5203869529255225,,0.5359260853492916
100,XJTU,source_event_only_regression,2000,0,0.5203869529255225,,0.6340412049510995
100,TJU,source_aft,125,117,0.9831932773109244,0.0036296021406096715,0.030273473753170882
100,TJU,source_aft,250,74,0.7197968166683483,0.16681205982966302,0.259632684868725
100,TJU,source_aft,500,33,0.569376444040601,0.28193948801268137,0.5250242032461825
100,TJU,source_aft,750,4,0.5394092627753062,0.19246595486396695,0.6625559074229582
100,TJU,source_aft,1000,2,0.5394092627753062,0.12930349328459387,0.7452692403984763
100,TJU,source_aft,1500,0,0.5394092627753062,,0.8379678017632758
100,TJU,source_aft,2000,0,0.5394092627753062,,0.8871270194567464
100,TJU,within_domain_aft,125,117,0.9831932773109244,0.0027915621811007126,0.021304634951980102
100,TJU,within_domain_aft,250,74,0.7197968166683483,0.07464431187466093,0.18512008373924696
100,TJU,within_domain_aft,500,33,0.569376444040601,0.1967689252789044,0.3971325911429647
100,TJU,within_domain_aft,750,4,0.5394092627753062,0.23501351226591963,0.5228435131010812
100,TJU,within_domain_aft,1000,2,0.5394092627753062,0.17699959783891378,0.6069353364478983
100,TJU,within_domain_aft,1500,0,0.5394092627753062,,0.7132338091853886
100,TJU,within_domain_aft,2000,0,0.5394092627753062,,0.7778567496685077
100,TJU,source_event_only_regression,125,117,0.9831932773109244,0.00018785938890928002,0.011007898827634553
100,TJU,source_event_only_regression,250,74,0.7197968166683483,0.12248979040611087,0.20061173172095265
100,TJU,source_event_only_regression,500,33,0.569376444040601,0.21233453956691292,0.48337633623432114
100,TJU,source_event_only_regression,750,4,0.5394092627753062,0.15364370071010722,0.6384080176798874
100,TJU,source_event_only_regression,1000,2,0.5394092627753062,0.09304558903474762,0.7323445090505106
100,TJU,source_event_only_regression,1500,0,0.5394092627753062,,0.8367348853010999
100,TJU,source_event_only_regression,2000,0,0.5394092627753062,,0.8908515351301131
100,NASA,source_aft,125,3,0.625,0.3998674412572664,5.163950587280808e-05
100,NASA,source_aft,250,0,0.0,,0.13992864599311547
100,NASA,source_aft,500,0,0.0,,0.638691508106672
100,NASA,source_aft,750,0,0.0,,0.8437957471067286
100,NASA,source_aft,1000,0,0.0,,0.9237058136897565
100,NASA,source_aft,1500,0,0.0,,0.9769833512188465
100,NASA,source_aft,2000,0,0.0,,0.9916563406543835
100,NASA,within_domain_aft,125,3,0.625,0.025754774694190494,0.5630295676133948
100,NASA,within_domain_aft,250,0,0.0,,0.9467279858255804
100,NASA,within_domain_aft,500,0,0.0,,0.9966963190539523
100,NASA,within_domain_aft,750,0,0.0,,0.9996259335090252
100,NASA,within_domain_aft,1000,0,0.0,,0.9999377236221945
100,NASA,within_domain_aft,1500,0,0.0,,0.9999964865223012
100,NASA,within_domain_aft,2000,0,0.0,,0.9999996436706449
100,NASA,source_event_only_regression,125,3,0.625,0.399994498945068,0.0001605086842294684
100,NASA,source_event_only_regression,250,0,0.0,,0.22182983659605598
100,NASA,source_event_only_regression,500,0,0.0,,0.7583631447485563
100,NASA,source_event_only_regression,750,0,0.0,,0.9218288074412888
100,NASA,source_event_only_regression,1000,0,0.0,,0.9713579281936111
100,NASA,source_event_only_regression,1500,0,0.0,,0.9948636594890541
100,NASA,source_event_only_regression,2000,0,0.0,,0.9987897408090667
100,CALCE,source_aft,125,9,1.0,0.014604752686330665,0.07990662148834701
100,CALCE,source_aft,250,9,1.0,0.2355064353530326,0.4190524161841847
100,CALCE,source_aft,500,8,1.0,0.402824351732608,0.6717236376115485
100,CALCE,source_aft,750,0,1.0,,0.7795980546344584
100,CALCE,source_aft,1000,0,1.0,,0.8395358726363704
100,CALCE,source_aft,1500,0,1.0,,0.9029095730439796
100,CALCE,source_aft,2000,0,1.0,,0.9348683141657581
100,CALCE,within_domain_aft,125,9,1.0,9.070348484640128e-05,0.008774837753025948
100,CALCE,within_domain_aft,250,9,1.0,0.035605913397856966,0.18440327631612466
100,CALCE,within_domain_aft,500,8,1.0,0.22366285282689682,0.4640362815125041
100,CALCE,within_domain_aft,750,0,1.0,,0.6217274201419334
100,CALCE,within_domain_aft,1000,0,1.0,,0.718493765879185
100,CALCE,within_domain_aft,1500,0,1.0,,0.8271048124106768
100,CALCE,within_domain_aft,2000,0,1.0,,0.8838986989472633
100,CALCE,source_event_only_regression,125,9,1.0,0.006299386183027753,0.06798292129669771
100,CALCE,source_event_only_regression,250,9,1.0,0.23591874642302357,0.45565827647133905
100,CALCE,source_event_only_regression,500,8,1.0,0.48967929851135117,0.7336343359339111
100,CALCE,source_event_only_regression,750,0,1.0,,0.8377263864347123
100,CALCE,source_event_only_regression,1000,0,1.0,,0.8901387869268567
100,CALCE,source_event_only_regression,1500,0,1.0,,0.9402314641375484
100,CALCE,source_event_only_regression,2000,0,1.0,,0.9628969082254
100,HUST,source_aft,125,77,1.0,5.791522125286135e-07,0.0002478835810857538
100,HUST,source_aft,250,77,1.0,0.0007544583697230099,0.016450836643380137
100,HUST,source_aft,500,77,1.0,0.011020153728414289,0.08540703138060236
100,HUST,source_aft,750,77,1.0,0.03299079622182673,0.16229927299760782
100,HUST,source_aft,1000,76,1.0,0.062183102055155884,0.2341390742617618
100,HUST,source_aft,1500,49,1.0,0.22621454304514474,0.3555434535905917
100,HUST,source_aft,2000,8,1.0,0.28492682279390585,0.45071517859454036
100,HUST,within_domain_aft,125,77,1.0,1.6007499374318288e-07,0.00036056402240850047
100,HUST,within_domain_aft,250,77,1.0,0.0008945816647218953,0.028693424162356762
100,HUST,within_domain_aft,500,77,1.0,0.019817917656287827,0.13794609085576331
100,HUST,within_domain_aft,750,77,1.0,0.061938696074990224,0.24564343842134118
100,HUST,within_domain_aft,1000,76,1.0,0.11983060976177273,0.3375131877110782
100,HUST,within_domain_aft,1500,49,1.0,0.22846690964468366,0.478458613675338
100,HUST,within_domain_aft,2000,8,1.0,0.18716082713517598,0.578642695124947
100,HUST,source_event_only_regression,125,77,1.0,0.0006974949198598396,0.025128228947507276
100,HUST,source_event_only_regression,250,77,1.0,0.10227379516421306,0.3157678386809869
100,HUST,source_event_only_regression,500,77,1.0,0.3986731114329535,0.6290843661828714
100,HUST,source_event_only_regression,750,77,1.0,0.5906095875020757,0.7672653174288794
100,HUST,source_event_only_regression,1000,76,1.0,0.698985807729894,0.8409282585785203
100,HUST,source_event_only_regression,1500,49,1.0,0.5299413513132218,0.9135146327909331
100,HUST,source_event_only_regression,2000,8,1.0,0.09800136098029529,0.9468039417487625
