landmark,domain,arm,horizon_cycle,ipcw_brier,censor_survival,n_at_risk_after_horizon
50,XJTU,within_source_held_protocol,125,0.0024834888214757913,1.0,39
50,XJTU,within_source_held_protocol,250,0.03113732665129331,0.8461538461538461,33
50,XJTU,within_source_held_protocol,500,0.1878781230069752,0.5203869529255225,16
50,XJTU,within_source_held_protocol,750,,0.5203869529255225,0
50,XJTU,within_source_held_protocol,1000,,0.5203869529255225,0
50,XJTU,within_source_held_protocol,1500,,0.5203869529255225,0
50,XJTU,within_source_held_protocol,2000,,0.5203869529255225,0
50,XJTU,source_held_out,125,0.08688638032191018,1.0,39
50,XJTU,source_held_out,250,0.33526642489175695,0.8461538461538461,33
50,XJTU,source_held_out,500,0.6147302536736198,0.5203869529255225,16
50,XJTU,source_held_out,750,,0.5203869529255225,0
50,XJTU,source_held_out,1000,,0.5203869529255225,0
50,XJTU,source_held_out,1500,,0.5203869529255225,0
50,XJTU,source_held_out,2000,,0.5203869529255225,0
50,TJU,within_source_held_protocol,125,0.030690309739879525,0.9831932773109244,117
50,TJU,within_source_held_protocol,250,0.20513799714276185,0.7197968166683483,74
50,TJU,within_source_held_protocol,500,0.31457191120297123,0.569376444040601,33
50,TJU,within_source_held_protocol,750,0.37955582214033795,0.5394092627753062,4
50,TJU,within_source_held_protocol,1000,0.3132739998479972,0.5394092627753062,2
50,TJU,within_source_held_protocol,1500,,0.5394092627753062,0
50,TJU,within_source_held_protocol,2000,,0.5394092627753062,0
50,TJU,source_held_out,125,0.03265359125171461,0.9831932773109244,117
50,TJU,source_held_out,250,0.14771073286781392,0.7197968166683483,74
50,TJU,source_held_out,500,0.3048242224735828,0.569376444040601,33
50,TJU,source_held_out,750,0.2523711367753621,0.5394092627753062,4
50,TJU,source_held_out,1000,0.1982849744815867,0.5394092627753062,2
50,TJU,source_held_out,1500,,0.5394092627753062,0
50,TJU,source_held_out,2000,,0.5394092627753062,0
100,XJTU,within_source_held_protocol,125,6.284465785065722e-05,1.0,39
100,XJTU,within_source_held_protocol,250,0.012827367503310686,0.8461538461538461,33
100,XJTU,within_source_held_protocol,500,0.15359910624628534,0.5203869529255225,16
100,XJTU,within_source_held_protocol,750,,0.5203869529255225,0
100,XJTU,within_source_held_protocol,1000,,0.5203869529255225,0
100,XJTU,within_source_held_protocol,1500,,0.5203869529255225,0
100,XJTU,within_source_held_protocol,2000,,0.5203869529255225,0
100,XJTU,source_held_out,125,5.805512144004974e-07,1.0,39
100,XJTU,source_held_out,250,0.0018521753567319948,0.8461538461538461,33
100,XJTU,source_held_out,500,0.16241570946051517,0.5203869529255225,16
100,XJTU,source_held_out,750,,0.5203869529255225,0
100,XJTU,source_held_out,1000,,0.5203869529255225,0
100,XJTU,source_held_out,1500,,0.5203869529255225,0
100,XJTU,source_held_out,2000,,0.5203869529255225,0
100,TJU,within_source_held_protocol,125,0.0006771877365126862,0.9831932773109244,117
100,TJU,within_source_held_protocol,250,0.1656287250295946,0.7197968166683483,74
100,TJU,within_source_held_protocol,500,0.3238921951449789,0.569376444040601,33
100,TJU,within_source_held_protocol,750,0.3086704946054019,0.5394092627753062,4
100,TJU,within_source_held_protocol,1000,0.21220546423541395,0.5394092627753062,2
100,TJU,within_source_held_protocol,1500,,0.5394092627753062,0
100,TJU,within_source_held_protocol,2000,,0.5394092627753062,0
100,TJU,source_held_out,125,0.0036296021406096715,0.9831932773109244,117
100,TJU,source_held_out,250,0.16681205982966302,0.7197968166683483,74
100,TJU,source_held_out,500,0.28193948801268137,0.569376444040601,33
100,TJU,source_held_out,750,0.19246595486396695,0.5394092627753062,4
100,TJU,source_held_out,1000,0.12930349328459387,0.5394092627753062,2
100,TJU,source_held_out,1500,,0.5394092627753062,0
100,TJU,source_held_out,2000,,0.5394092627753062,0
