domain,arm,repetition,grid_integrated_brier,source_aft_paired_brier,difference_from_source_aft,n_supported_horizons
MIT,within_domain_aft,0,0.059657358123375775,0.14514535682911414,-0.08548799870573837,5
MIT,within_domain_aft,1,0.061942838937870885,0.14514535682911414,-0.08320251789124325,5
MIT,within_domain_aft,2,0.06088364599679607,0.14514535682911414,-0.08426171083231807,5
MIT,within_domain_aft,3,0.05714411049513763,0.14514535682911414,-0.08800124633397652,5
MIT,within_domain_aft,4,0.05711638250315309,0.14514535682911414,-0.08802897432596105,5
MIT,within_domain_aft,5,0.05766620340397955,0.14514535682911414,-0.0874791534251346,5
MIT,within_domain_aft,6,0.05621754379820219,0.14514535682911414,-0.08892781303091196,5
MIT,within_domain_aft,7,0.05787664642413617,0.14514535682911414,-0.08726871040497797,5
MIT,within_domain_aft,8,0.05964754455935258,0.14514535682911414,-0.08549781226976155,5
MIT,within_domain_aft,9,0.05925877204615544,0.14514535682911414,-0.0858865847829587,5
MIT,source_event_only_regression,0,0.14127514194750962,0.14514535682911414,-0.0038702148816045223,5
MIT,source_event_only_regression,1,0.14492932205399633,0.14443877205915848,0.0004905499948378578,5
MIT,source_event_only_regression,2,0.14538985703558197,0.14463111477493942,0.000758742260642542,5
MIT,source_event_only_regression,3,0.13565314679115992,0.1431945806637846,-0.007541433872624681,5
MIT,source_event_only_regression,4,0.14134252817742116,0.14382089114236601,-0.002478362964944858,5
MIT,source_event_only_regression,5,0.14345542087243016,0.1477489977190134,-0.004293576846583241,5
MIT,source_event_only_regression,6,0.13481588129144695,0.14447784767699626,-0.009661966385549309,5
MIT,source_event_only_regression,7,0.14420767419554079,0.14480792351470512,-0.000600249319164331,5
MIT,source_event_only_regression,8,0.14118601805708347,0.143372648088142,-0.0021866300310585396,5
MIT,source_event_only_regression,9,0.1439624006664092,0.14543634854295623,-0.0014739478765470326,5
MIT,source_event_only_regression,10,0.13982583992881734,0.1457003022017853,-0.005874462272967951,5
MIT,source_event_only_regression,11,0.14011348024540804,0.14299931778290917,-0.002885837537501129,5
MIT,source_event_only_regression,12,0.15165985605615803,0.14582235397271393,0.005837502083444107,5
MIT,source_event_only_regression,13,0.14526948290971065,0.1423848700584163,0.002884612851294349,5
MIT,source_event_only_regression,14,0.14839466778725757,0.1452864077226498,0.003108260064607765,5
MIT,source_event_only_regression,15,0.1429045756112273,0.14428571006375143,-0.0013811344525241354,5
MIT,source_event_only_regression,16,0.1531123073111723,0.14517082688093874,0.007941480430233572,5
MIT,source_event_only_regression,17,0.14842719368647345,0.14552735240077028,0.0028998412857031697,5
MIT,source_event_only_regression,18,0.14549716417746403,0.14450085367546203,0.0009963105020019958,5
MIT,source_event_only_regression,19,0.1396571976435704,0.14475780217258577,-0.005100604529015368,5
XJTU,within_domain_aft,0,0.08656036535945329,0.05506475425707345,0.031495611102379834,3
XJTU,within_domain_aft,1,0.07348865755940562,0.05506475425707345,0.018423903302332165,3
XJTU,within_domain_aft,2,0.07598366284141249,0.05506475425707345,0.020918908584339035,3
XJTU,within_domain_aft,3,0.07184729431840052,0.05506475425707345,0.016782540061327067,3
XJTU,within_domain_aft,4,0.08164734006895895,0.05506475425707345,0.026582585811885495,3
XJTU,within_domain_aft,5,0.07126622138436838,0.05506475425707345,0.016201467127294922,3
XJTU,within_domain_aft,6,0.06885681354968264,0.05506475425707345,0.013792059292609182,3
XJTU,within_domain_aft,7,0.07201588396837949,0.05506475425707345,0.016951129711306037,3
XJTU,within_domain_aft,8,0.07450747598457781,0.05506475425707345,0.01944272172750436,3
XJTU,within_domain_aft,9,0.07729552956183629,0.05506475425707345,0.022230775304762834,3
XJTU,source_event_only_regression,0,0.06151569227270631,0.05506475425707345,0.006450938015632859,3
XJTU,source_event_only_regression,1,0.06194590298209136,0.0666288103117325,-0.004682907329641141,3
XJTU,source_event_only_regression,2,0.05949440592136084,0.057801111972272605,0.001693293949088237,3
XJTU,source_event_only_regression,3,0.060823394200912644,0.05670674438904701,0.00411664981186563,3
XJTU,source_event_only_regression,4,0.06351039798443162,0.05743778157335753,0.006072616411074087,3
XJTU,source_event_only_regression,5,0.06409684585303377,0.05706224543761232,0.007034600415421449,3
XJTU,source_event_only_regression,6,0.060804684967706434,0.059501383017693976,0.0013033019500124574,3
XJTU,source_event_only_regression,7,0.06002165380676279,0.05994895366199767,7.270014476511849e-05,3
XJTU,source_event_only_regression,8,0.06013117772953664,0.05957642688237617,0.0005547508471604734,3
XJTU,source_event_only_regression,9,0.06222212450798291,0.0556849675244858,0.0065371569834971124,3
XJTU,source_event_only_regression,10,0.06335782767014156,0.0582053820014166,0.005152445668724956,3
XJTU,source_event_only_regression,11,0.06002150037941099,0.05523432702524465,0.004787173354166334,3
XJTU,source_event_only_regression,12,0.0611867509136827,0.05675601278425155,0.00443073812943115,3
XJTU,source_event_only_regression,13,0.060479332706775815,0.05693568876578452,0.003543643940991298,3
XJTU,source_event_only_regression,14,0.06345686060702639,0.056327526627152846,0.007129333979873545,3
XJTU,source_event_only_regression,15,0.06172435558949473,0.06427861357283746,-0.002554257983342724,3
XJTU,source_event_only_regression,16,0.06227104029826645,0.05710870684177355,0.005162333456492904,3
XJTU,source_event_only_regression,17,0.06541940846635366,0.058297340752629774,0.007122067713723888,3
XJTU,source_event_only_regression,18,0.0631057134494357,0.06388344105706954,-0.000777727607633838,3
XJTU,source_event_only_regression,19,0.0660891576900589,0.06639619709986462,-0.0003070394098057261,3
TJU,within_domain_aft,0,0.16484667454730054,0.19002103855038424,-0.025174364003083705,5
TJU,within_domain_aft,1,0.15948416732029405,0.19002103855038424,-0.03053687123009019,5
TJU,within_domain_aft,2,0.1669707154107282,0.19002103855038424,-0.023050323139656048,5
TJU,within_domain_aft,3,0.159377633064518,0.19002103855038424,-0.03064340548586625,5
TJU,within_domain_aft,4,0.16644194897439024,0.19002103855038424,-0.023579089575994,5
TJU,within_domain_aft,5,0.15913666013963074,0.19002103855038424,-0.030884378410753505,5
TJU,within_domain_aft,6,0.14829257074983077,0.19002103855038424,-0.041728467800553476,5
TJU,within_domain_aft,7,0.1624451859491985,0.19002103855038424,-0.027575852601185752,5
TJU,within_domain_aft,8,0.16464910550806355,0.19002103855038424,-0.025371933042320688,5
TJU,within_domain_aft,9,0.15440312111609616,0.19002103855038424,-0.03561791743428808,5
TJU,source_event_only_regression,0,0.1441186692703441,0.19002103855038424,-0.04590236928004013,5
TJU,source_event_only_regression,1,0.14109830672395282,0.16762971503509136,-0.026531408311138538,5
TJU,source_event_only_regression,2,0.1439225304154357,0.1834102898989189,-0.03948775948348318,5
TJU,source_event_only_regression,3,0.14198298864477224,0.17565065789244744,-0.0336676692476752,5
TJU,source_event_only_regression,4,0.14342104787708912,0.17912192749265496,-0.03570087961556584,5
TJU,source_event_only_regression,5,0.13902724416350296,0.1639881878410614,-0.02496094367755844,5
TJU,source_event_only_regression,6,0.14655111741659707,0.17060513628384774,-0.02405401886725067,5
TJU,source_event_only_regression,7,0.13658933928112313,0.17010760392233137,-0.033518264641208245,5
TJU,source_event_only_regression,8,0.150209299044442,0.18364142588845353,-0.033432126844011534,5
TJU,source_event_only_regression,9,0.13987830536715543,0.1752804173541026,-0.03540211198694718,5
TJU,source_event_only_regression,10,0.146017154916872,0.17191598772946318,-0.02589883281259117,5
TJU,source_event_only_regression,11,0.13777885364041267,0.17569476418335866,-0.03791591054294599,5
TJU,source_event_only_regression,12,0.14195607423862724,0.18615794611934397,-0.044201871880716725,5
TJU,source_event_only_regression,13,0.14926443281256957,0.1878644591119467,-0.038600026299377144,5
TJU,source_event_only_regression,14,0.14678493148039104,0.17511968341536005,-0.02833475193496901,5
TJU,source_event_only_regression,15,0.14610456744502737,0.17940115352054997,-0.033296586075522605,5
TJU,source_event_only_regression,16,0.14619494546145315,0.18434593491169468,-0.038150989450241535,5
TJU,source_event_only_regression,17,0.13553173449382674,0.1783170833285674,-0.042785348834740666,5
TJU,source_event_only_regression,18,0.15344375065144258,0.1821758190639708,-0.028732068412528206,5
TJU,source_event_only_regression,19,0.13959736903719394,0.17234402096360027,-0.03274665192640633,5
NASA,within_domain_aft,0,,,,1
NASA,within_domain_aft,1,,,,1
NASA,within_domain_aft,2,,,,1
NASA,within_domain_aft,3,,,,1
NASA,within_domain_aft,4,,,,1
NASA,within_domain_aft,5,,,,1
NASA,within_domain_aft,6,,,,1
NASA,within_domain_aft,7,,,,1
NASA,within_domain_aft,8,,,,1
NASA,within_domain_aft,9,,,,1
NASA,source_event_only_regression,0,,,,1
NASA,source_event_only_regression,1,,,,1
NASA,source_event_only_regression,2,,,,1
NASA,source_event_only_regression,3,,,,1
NASA,source_event_only_regression,4,,,,1
NASA,source_event_only_regression,5,,,,1
NASA,source_event_only_regression,6,,,,1
NASA,source_event_only_regression,7,,,,1
NASA,source_event_only_regression,8,,,,1
NASA,source_event_only_regression,9,,,,1
NASA,source_event_only_regression,10,,,,1
NASA,source_event_only_regression,11,,,,1
NASA,source_event_only_regression,12,,,,1
NASA,source_event_only_regression,13,,,,1
NASA,source_event_only_regression,14,,,,1
NASA,source_event_only_regression,15,,,,1
NASA,source_event_only_regression,16,,,,1
NASA,source_event_only_regression,17,,,,1
NASA,source_event_only_regression,18,,,,1
NASA,source_event_only_regression,19,,,,1
CALCE,within_domain_aft,0,0.09237235822203516,0.2544621270351074,-0.16208976881307224,3
CALCE,within_domain_aft,1,0.09012704194184722,0.2544621270351074,-0.16433508509326017,3
CALCE,within_domain_aft,2,0.09678555050877632,0.2544621270351074,-0.15767657652633107,3
CALCE,within_domain_aft,3,0.09087152565852481,0.2544621270351074,-0.1635906013765826,3
CALCE,within_domain_aft,4,0.09348749265677123,0.2544621270351074,-0.16097463437833617,3
CALCE,within_domain_aft,5,0.08828801176899341,0.2544621270351074,-0.16617411526611398,3
CALCE,within_domain_aft,6,0.09187814922533427,0.2544621270351074,-0.16258397780977313,3
CALCE,within_domain_aft,7,0.09441828286097276,0.2544621270351074,-0.16004384417413464,3
CALCE,within_domain_aft,8,0.09437214455127094,0.2544621270351074,-0.16008998248383646,3
CALCE,within_domain_aft,9,0.08585602389737967,0.2544621270351074,-0.16860610313772773,3
CALCE,source_event_only_regression,0,0.28223570374580015,0.2544621270351074,0.02777357671069275,3
CALCE,source_event_only_regression,1,0.25966189896285846,0.24992160734417515,0.009740291618683311,3
CALCE,source_event_only_regression,2,0.2864514989690399,0.2916706290435675,-0.0052191300745276226,3
CALCE,source_event_only_regression,3,0.2676498699354911,0.23071183350129876,0.036938036434192356,3
CALCE,source_event_only_regression,4,0.2813926115858528,0.19255574111050158,0.08883687047535124,3
CALCE,source_event_only_regression,5,0.28681460034974815,0.23337970633982058,0.05343489400992757,3
CALCE,source_event_only_regression,6,0.3234760648532478,0.20585430984518188,0.11762175500806593,3
CALCE,source_event_only_regression,7,0.31301508824014324,0.2068423653449279,0.10617272289521534,3
CALCE,source_event_only_regression,8,0.2667847606586894,0.18787069453131358,0.07891406612737581,3
CALCE,source_event_only_regression,9,0.26707168389385183,0.24551904965836752,0.021552634235484314,3
CALCE,source_event_only_regression,10,0.23531867202701945,0.1777144244965212,0.057604247530498254,3
CALCE,source_event_only_regression,11,0.2629978732719448,0.224785184437009,0.03821268883493578,3
CALCE,source_event_only_regression,12,0.2693986123636511,0.22540669074643535,0.04399192161721574,3
CALCE,source_event_only_regression,13,0.3276611313580256,0.22911345700307623,0.09854767435494938,3
CALCE,source_event_only_regression,14,0.3322894792581123,0.22763218581147637,0.10465729344663594,3
CALCE,source_event_only_regression,15,0.316228883370671,0.2434602999698439,0.07276858340082712,3
CALCE,source_event_only_regression,16,0.26770016154707665,0.2783672916419057,-0.010667130094829058,3
CALCE,source_event_only_regression,17,0.3004664390223877,0.20341735244026488,0.0970490865821228,3
CALCE,source_event_only_regression,18,0.238526556210674,0.24914818585061624,-0.010621629639942232,3
CALCE,source_event_only_regression,19,0.30705670628298365,0.24942974120437972,0.05762696507860393,3
HUST,within_domain_aft,0,0.12083575347543604,0.11669433339766874,0.004141420077767299,7
HUST,within_domain_aft,1,0.12236544139593013,0.11669433339766874,0.005671107998261385,7
HUST,within_domain_aft,2,0.12166740779262128,0.11669433339766874,0.004973074394952537,7
HUST,within_domain_aft,3,0.12229820501843323,0.11669433339766874,0.005603871620764492,7
HUST,within_domain_aft,4,0.12266298496210833,0.11669433339766874,0.005968651564439584,7
HUST,within_domain_aft,5,0.12385861368578989,0.11669433339766874,0.007164280288121147,7
HUST,within_domain_aft,6,0.12290302539463235,0.11669433339766874,0.006208691996963611,7
HUST,within_domain_aft,7,0.12365947929646016,0.11669433339766874,0.006965145898791422,7
HUST,within_domain_aft,8,0.12255826315428021,0.11669433339766874,0.005863929756611472,7
HUST,within_domain_aft,9,0.12241533040191477,0.11669433339766874,0.005720997004246026,7
HUST,source_event_only_regression,0,0.4363366925652979,0.11669433339766874,0.3196423591676292,7
HUST,source_event_only_regression,1,0.4374936063125374,0.12119525639944483,0.3162983499130926,7
HUST,source_event_only_regression,2,0.44025691851663395,0.11798751575133713,0.3222694027652968,7
HUST,source_event_only_regression,3,0.42537616015309965,0.11926296784402142,0.30611319230907824,7
HUST,source_event_only_regression,4,0.433008319312501,0.11950327014815315,0.31350504916434785,7
HUST,source_event_only_regression,5,0.43528117986953435,0.11952809518259352,0.31575308468694085,7
HUST,source_event_only_regression,6,0.433440827139269,0.1163253765049777,0.3171154506342913,7
HUST,source_event_only_regression,7,0.4355216694368475,0.11944661456492917,0.31607505487191834,7
HUST,source_event_only_regression,8,0.45022322459008585,0.12020915361114828,0.33001407097893753,7
HUST,source_event_only_regression,9,0.43048460862755766,0.11939403188304869,0.31109057674450896,7
HUST,source_event_only_regression,10,0.43687929961059785,0.12112245766786901,0.31575684194272885,7
HUST,source_event_only_regression,11,0.4234533574815212,0.12072228960812909,0.3027310678733921,7
HUST,source_event_only_regression,12,0.4235865868676138,0.11748821353340021,0.3060983733342136,7
HUST,source_event_only_regression,13,0.4414333634011694,0.12083796667013479,0.3205953967310346,7
HUST,source_event_only_regression,14,0.44022636316911,0.11937858794698965,0.3208477752221204,7
HUST,source_event_only_regression,15,0.4354352914937457,0.11782856484268042,0.31760672665106526,7
HUST,source_event_only_regression,16,0.4249262503970844,0.12110750085830722,0.3038187495387772,7
HUST,source_event_only_regression,17,0.43002518232678666,0.12064090642881477,0.3093842758979719,7
HUST,source_event_only_regression,18,0.4332675865659952,0.1221636052741348,0.31110398129186034,7
HUST,source_event_only_regression,19,0.42335213136453786,0.11933394192718072,0.30401818943735714,7
