bibkey,doi,cited_title,registered_title,registered_year,registered_authors,registered_venue,registered_volume,registered_pages,title_similarity,lookup_status,metadata_url,lookup_error
angelopoulos2021,10.48550/arXiv.2107.07511,A gentle introduction to conformal prediction and distribution-free uncertainty quantification,A Gentle Introduction to Conformal Prediction and Distribution-Free Uncertainty Quantification,2021,"Angelopoulos, Anastasios N.; Bates, Stephen",arXiv,,,1.0,found_datacite,https://api.datacite.org/dois/10.48550%2FarXiv.2107.07511,
attia2020,10.1038/s41586-020-1994-5,Closed-loop optimization of fast-charging protocols for batteries with machine learning,Closed-loop optimization of fast-charging protocols for batteries with machine learning,2020,Peter M. Attia; Aditya Grover; Norman Jin; Kristen A. Severson; Todor M. Markov; Yang-Hung Liao; Michael H. Chen; Bryan Cheong; Nicholas Perkins; Zi Yang; Patrick K. Herring; Muratahan Aykol; Stephen J. Harris; Richard D. Braatz; Stefano Ermon; William C. Chueh,Nature,578,397-402,1.0,found_crossref,https://api.crossref.org/works/10.1038%2Fs41586-020-1994-5,
attia2026,10.1016/j.joule.2026.102423,Limits of electrochemical data for predicting battery lifetime and failure,Limits of electrochemical data for predicting battery lifetime and failure,2026,Peter M. Attia; Andrew Weng; William C. Chueh,Joule,10,102423,1.0,found_crossref,https://api.crossref.org/works/10.1016%2Fj.joule.2026.102423,
calce2026,,,,,,,,,,no_doi,,
chen2026bat,10.3390/batteries12090340,Physics-consistent domain-aware SOH estimation for cross-cell battery health prediction,Physics-Consistent Domain-Aware SOH Estimation for Cross-Cell Battery Health Prediction,2026,Bo Chen; Song Li; Ning Zhou; Yamin Li; Quanbin Zhang,Batteries,12,340,1.0,found_crossref,https://api.crossref.org/works/10.3390%2Fbatteries12090340,
collath2023,10.1016/j.apenergy.2023.121531,Increasing the lifetime profitability of battery energy storage systems through aging aware operation,Increasing the lifetime profitability of battery energy storage systems through aging aware operation,2023,Nils Collath; Martin Cornejo; Veronika Engwerth; Holger Hesse; Andreas Jossen,Applied Energy,348,121531,1.0,found_crossref,https://api.crossref.org/works/10.1016%2Fj.apenergy.2023.121531,
dasilva2026,10.48550/arXiv.2603.24475,Conformalized transfer learning for Li-ion battery state of health forecasting under manufacturing and usage variability,Conformalized Transfer Learning for Li-ion Battery State of Health Forecasting under Manufacturing and Usage Variability,2026,"da Silva, Samuel Filgueira; Ozkan, Mehmet Fatih; Idrissi, Faissal El; Canova, Marcello",arXiv,,,1.0,found_datacite,https://api.datacite.org/dois/10.48550%2FarXiv.2603.24475,
gerds2006,10.1002/bimj.200610301,Consistent estimation of the expected Brier score in general survival models with right-censored event times,Consistent Estimation of the Expected Brier Score in General Survival Models with Right‐Censored Event Times,2006,Thomas A. Gerds; Martin Schumacher,Biometrical Journal,48,1029-1040,1.0,found_crossref,https://api.crossref.org/works/10.1002%2Fbimj.200610301,
ledeng2026,10.1016/j.apenergy.2025.127161,Physics-informed transfer learning by embedding physics into activation functions: An application in battery health management,Physics-informed transfer learning by embedding physics into activation functions: an application in battery health management,2026,Hung Le; Weikun Deng; Khanh T.P. Nguyen; Kamal Medjaher; Christian Gogu; Dazhong Wu,Applied Energy,406,127161,1.0,found_crossref,https://api.crossref.org/works/10.1016%2Fj.apenergy.2025.127161,
liu2026sched,10.1016/j.est.2026.122231,Dynamic battery degradation-informed optimal microgrid scheduling: A prediction-aware two-stage stochastic programming approach with spatiotemporal correlation scenario generation,Dynamic battery degradation-informed optimal microgrid scheduling: A prediction-aware two-stage stochastic programming approach with spatiotemporal correlation scenario generation,2026,Hualong Liu; Wenyuan Tang,Journal of Energy Storage,165,122231,1.0,found_crossref,https://api.crossref.org/works/10.1016%2Fj.est.2026.122231,
ma2022hust,10.1039/D2EE01676A,Real-time personalized health status prediction of lithium-ion batteries using deep transfer learning,Real-time personalized health status prediction of lithium-ion batteries using deep transfer learning,2022,Guijun Ma; Songpei Xu; Benben Jiang; Cheng Cheng; Xin Yang; Yue Shen; Tao Yang; Yunhui Huang; Han Ding; Ye Yuan,Energy &amp; Environmental Science,15,4083-4094,1.0,found_crossref,https://api.crossref.org/works/10.1039%2FD2EE01676A,
raissi2019,10.1016/j.jcp.2018.10.045,Physics-informed neural networks: A deep learning framework for solving forward and inverse problems involving nonlinear partial differential equations,Physics-informed neural networks: A deep learning framework for solving forward and inverse problems involving nonlinear partial differential equations,2019,M. Raissi; P. Perdikaris; G.E. Karniadakis,Journal of Computational Physics,378,686-707,1.0,found_crossref,https://api.crossref.org/works/10.1016%2Fj.jcp.2018.10.045,
saha2007,,,,,,,,,,no_doi,,
schmidt2019,10.1016/j.joule.2018.12.008,Projecting the future levelized cost of electricity storage technologies,Projecting the Future Levelized Cost of Electricity Storage Technologies,2019,Oliver Schmidt; Sylvain Melchior; Adam Hawkes; Iain Staffell,Joule,3,81-100,1.0,found_crossref,https://api.crossref.org/works/10.1016%2Fj.joule.2018.12.008,
severson2019,10.1038/s41560-019-0356-8,Data-driven prediction of battery cycle life before capacity degradation,Data-driven prediction of battery cycle life before capacity degradation,2019,Kristen A. Severson; Peter M. Attia; Norman Jin; Nicholas Perkins; Benben Jiang; Zi Yang; Michael H. Chen; Muratahan Aykol; Patrick K. Herring; Dimitrios Fraggedakis; Martin Z. Bazant; Stephen J. Harris; William C. Chueh; Richard D. Braatz,Nature Energy,4,383-391,1.0,found_crossref,https://api.crossref.org/works/10.1038%2Fs41560-019-0356-8,
tang2024ae,10.1016/j.apenergy.2024.123632,Battery state of health estimation under dynamic operations with physics-driven deep learning,Battery state of health estimation under dynamic operations with physics-driven deep learning,2024,Aihua Tang; Yuchen Xu; Yuanzhi Hu; Jinpeng Tian; Yuwei Nie; Fuwu Yan; Yong Tan; Quanqing Yu,Applied Energy,370,123632,1.0,found_crossref,https://api.crossref.org/works/10.1016%2Fj.apenergy.2024.123632,
wang2024pin,10.1038/s41467-024-48779-z,Physics-informed neural network for lithium-ion battery degradation stable modeling and prognosis,Physics-informed neural network for lithium-ion battery degradation stable modeling and prognosis,2024,Fujin Wang; Zhi Zhai; Zhibin Zhao; Yi Di; Xuefeng Chen,Nature Communications,15,4332,1.0,found_crossref,https://api.crossref.org/works/10.1038%2Fs41467-024-48779-z,
wang2024dataset,10.5281/zenodo.10963339,Project -- physics-informed neural network for lithium-ion battery degradation stable modeling and prognosis [Dataset],Project - Physics-informed neural network for lithium-ion battery degradation stable modeling and prognosis,2024,"Wang, Fujin",Zenodo,,,0.9633507853403142,found_datacite,https://api.datacite.org/dois/10.5281%2Fzenodo.10963339,
xie2026dispatch,10.48550/arXiv.2603.11978,Robust parametric microgrid dispatch under endogenous uncertainty of operation- and temperature-dependent battery degradation,Robust Parametric Microgrid Dispatch Under Endogenous Uncertainty of Operation- and Temperature-Dependent Battery Degradation,2026,"Xie, Rui; Wang, Jun; Duan, Jiaxu; Ma, Chao; Liu, Yunhui; Chen, Yue",arXiv,,,1.0,found_datacite,https://api.datacite.org/dois/10.48550%2FarXiv.2603.11978,
xiong2025,10.1016/j.apenergy.2025.126762,Transfer learning with composite kernel sparse Gaussian process-aided model for probabilistic state of health estimation of lithium-ion batteries against multi-source coupled harsh scenarios,Transfer learning with composite kernel sparse Gaussian process-aided model for probabilistic state of health estimation of lithium-ion batteries against multi-source coupled harsh scenarios,2025,Ran Xiong; Pengfei Zhao; Di Cao; Sen Zhang; Wei Zhan; Ming Tang; Yuning Zhang; Weihao Hu,Applied Energy,401,126762,1.0,found_crossref,https://api.crossref.org/works/10.1016%2Fj.apenergy.2025.126762,
zhu2022tju,10.1038/s41467-022-29837-w,Data-driven capacity estimation of commercial lithium-ion batteries from voltage relaxation,Data-driven capacity estimation of commercial lithium-ion batteries from voltage relaxation,2022,Jiangong Zhu; Yixiu Wang; Yuan Huang; R. Bhushan Gopaluni; Yankai Cao; Michael Heere; Martin J. Mühlbauer; Liuda Mereacre; Haifeng Dai; Xinhua Liu; Anatoliy Senyshyn; Xuezhe Wei; Michael Knapp; Helmut Ehrenberg,Nature Communications,13,2261,1.0,found_crossref,https://api.crossref.org/works/10.1038%2Fs41467-022-29837-w,
zhu2022dataset,10.5281/zenodo.6405084,Data-driven capacity estimation of commercial lithium-ion batteries from voltage relaxation [Dataset],Data-driven capacity estimation of commercial lithium-ion batteries from voltage relaxation,2022,"Zhu, Jiangong; Yixiu Wang; Huang, Yuan; R. Bhushan Gopaluni; Yankai Cao; Heere, Michael; Mühlbauer, Martin J.; Mereacre, Liuda; Haifeng Dai; Xinhua Liu; Senyshyn, Anatoliy; Xuezhe Wei; Knapp, Michael; Ehrenberg, Helmut",Zenodo,,,0.9580838323353293,found_datacite,https://api.datacite.org/dois/10.5281%2Fzenodo.6405084,
ma2022hustdata,10.17632/nsc7hnsg4s.2,"The dataset for: Real-time personalized health status prediction of lithium-ion batteries using deep transfer learning [Dataset, version 2]",The Dataset for: Real-time personalized health status prediction of lithium-ion batteries using deep transfer learning ,2022,Guijun Ma,Mendeley,,,0.9308755760368663,found_datacite,https://api.datacite.org/dois/10.17632%2Fnsc7hnsg4s.2,
zhang2026meta,10.1016/j.ensm.2026.105296,A meta-learning framework for battery lifetime prediction across unseen operating conditions,A meta-learning framework for battery lifetime prediction across unseen operating conditions,2026,Yifei Zhang; Jiawei Zhang; Weiran Jiang; Lei Shen; Ziyou Song,Energy Storage Materials,90,105296,1.0,found_crossref,https://api.crossref.org/works/10.1016%2Fj.ensm.2026.105296,
zhu2026lake,10.48550/arXiv.2607.09762,"BatteryLake: Agentic, physics-grounded curation of heterogeneous battery aging data and benchmarking","BatteryLake: Agentic, Physics-Grounded Curation of Heterogeneous Battery Aging Data and Benchmarking",2026,"Zhu, Tianwen; Wang, Hao; Wen, Yonggang",arXiv,,,1.0,found_datacite,https://api.datacite.org/dois/10.48550%2FarXiv.2607.09762,
