landmark,held_out_domain,seed,aft_scale,n_target,n_events,event_medape_pct,harrell_c,grid_integrated_brier,n_supported_horizons
50,MIT,0,1.2,124,43,98.14393000429754,0.7288602941176471,0.14503143814164715,5
50,MIT,1,1.2,124,43,136.8303895794214,0.6446461397058824,0.14641372113973394,5
50,MIT,2,1.2,124,43,118.61093148212424,0.7233455882352942,0.14230056680420222,5
50,MIT,3,1.2,124,43,119.26632613875974,0.6798023897058824,0.14377076036641345,5
50,MIT,4,1.2,124,43,97.26903552978095,0.7313878676470589,0.14933378000471034,5
50,MIT,5,1.2,124,43,82.66106625000647,0.71875,0.15142443871902245,5
50,MIT,6,1.2,124,43,121.72815821553426,0.7319623161764706,0.14395016684671172,5
50,MIT,7,1.2,124,43,115.6832739145917,0.7309283088235294,0.14788997993903932,5
50,MIT,8,1.2,124,43,118.21257207301954,0.7697610294117647,0.1373045533751304,5
50,MIT,9,1.2,124,43,154.23680384436028,0.6639476102941176,0.14872754424074913,5
50,MIT,10,1.2,124,43,96.03483768415364,0.7332261029411765,0.14528558043564216,5
50,MIT,11,1.2,124,43,129.18992342766663,0.7251838235294118,0.14451221389562832,5
50,MIT,12,1.2,124,43,136.68641894139145,0.7198988970588235,0.14146230103924015,5
50,MIT,13,1.2,124,43,108.044121244641,0.7250689338235294,0.14849072330247268,5
50,MIT,14,1.2,124,43,110.23242408992178,0.7170266544117647,0.14691989024654536,5
50,MIT,15,1.2,124,43,139.59456621455422,0.7310431985294118,0.140955668444019,5
50,MIT,16,1.2,124,43,94.38885878541828,0.7263327205882353,0.14849248128432882,5
50,MIT,17,1.2,124,43,163.34903411012021,0.7181755514705882,0.1462671000100857,5
50,MIT,18,1.2,124,43,157.3131295672039,0.6167279411764706,0.14874801262430132,5
50,MIT,19,1.2,124,43,84.79943675440919,0.7254136029411765,0.14852783657864624,5
50,XJTU,0,1.2,39,21,67.56186209660027,0.21585903083700442,0.3870243603907368,3
50,XJTU,1,1.2,39,21,52.353160354662535,0.2092511013215859,0.25133176028936727,3
50,XJTU,2,1.2,39,21,65.60016703218511,0.22246696035242292,0.3534497854578988,3
50,XJTU,3,1.2,39,21,56.05045077058814,0.2555066079295154,0.276490500417948,3
50,XJTU,4,1.2,39,21,66.33918954860746,0.20044052863436124,0.35307590638067526,3
50,XJTU,5,1.2,39,21,58.51673529062683,0.20044052863436124,0.2712265783794077,3
50,XJTU,6,1.2,39,21,62.30980172054601,0.21145374449339208,0.3078816954703545,3
50,XJTU,7,1.2,39,21,58.25600183230427,0.24008810572687225,0.27065877813250444,3
50,XJTU,8,1.2,39,21,54.02293536292993,0.22026431718061673,0.260752190567739,3
50,XJTU,9,1.2,39,21,60.618989908162014,0.22026431718061673,0.3094112453433458,3
50,XJTU,10,1.2,39,21,64.16201030057293,0.22246696035242292,0.34932819898879053,3
50,XJTU,11,1.2,39,21,57.87214668799721,0.18061674008810572,0.2770373479419036,3
50,XJTU,12,1.2,39,21,55.31368472723085,0.2444933920704846,0.25015055639865486,3
50,XJTU,13,1.2,39,21,60.76918356886426,0.23788546255506607,0.3074317912705779,3
50,XJTU,14,1.2,39,21,54.23895906810029,0.22687224669603523,0.23992487743159321,3
50,XJTU,15,1.2,39,21,47.21206789533212,0.21585903083700442,0.1917548461426522,3
50,XJTU,16,1.2,39,21,60.315729063138114,0.24008810572687225,0.3020914699229103,3
50,XJTU,17,1.2,39,21,62.1660167084544,0.22466960352422907,0.304621460400713,3
50,XJTU,18,1.2,39,21,57.794462344590336,0.20044052863436124,0.2632598632728201,3
50,XJTU,19,1.2,39,21,62.36104767017881,0.20704845814977973,0.33097683069142814,3
50,TJU,0,2.0,119,75,41.75737211941391,0.47966439135381117,0.2215097982724364,5
50,TJU,1,2.0,119,75,32.41112236860508,0.4724118316268487,0.2144236516091645,5
50,TJU,2,2.0,119,75,39.22213820977114,0.4883390216154721,0.21772903431620397,5
50,TJU,3,2.0,119,75,37.062112869911765,0.5083902161547212,0.21055728367676124,5
50,TJU,4,2.0,119,75,38.374824298550706,0.4978668941979522,0.22059571246029133,5
50,TJU,5,2.0,119,75,35.52024261112265,0.5241751990898749,0.2167796816487477,5
50,TJU,6,2.0,119,75,37.52436054824801,0.511518771331058,0.2174942703222297,5
50,TJU,7,2.0,119,75,46.88349572743685,0.49544937428896474,0.2248057635658078,5
50,TJU,8,2.0,119,75,31.479352379520197,0.5261660978384528,0.2124017943050691,5
50,TJU,9,2.0,119,75,32.01592997215976,0.5062571103526735,0.20621421535176815,5
50,TJU,10,2.0,119,75,37.4976291453413,0.5247440273037542,0.21846249109793703,5
50,TJU,11,2.0,119,75,32.83056574494158,0.4988623435722412,0.21805637793354693,5
50,TJU,12,2.0,119,75,38.27758428062257,0.49402730375426623,0.22043767983266688,5
50,TJU,13,2.0,119,75,35.43523893933395,0.5364050056882821,0.2174603072503256,5
50,TJU,14,2.0,119,75,37.22491073473987,0.4684300341296928,0.23055857015365383,5
50,TJU,15,2.0,119,75,33.92562531615042,0.4840728100113766,0.22000634586632672,5
50,TJU,16,2.0,119,75,52.83141962349348,0.49658703071672355,0.22617063137069884,5
50,TJU,17,2.0,119,75,40.59022338748871,0.4717007963594994,0.2193838769223673,5
50,TJU,18,2.0,119,75,50.32832410452413,0.4753981797497156,0.2269053535419167,5
50,TJU,19,2.0,119,75,33.480074978350274,0.5386803185437997,0.21686229146326608,5
50,NASA,0,1.2,11,5,340.5810995363255,0.9615384615384616,,1
50,NASA,1,1.2,11,5,371.41168750113127,0.8846153846153846,,1
50,NASA,2,1.2,11,5,368.16868925595685,0.8461538461538461,,1
50,NASA,3,1.2,11,5,331.0613721163186,0.9230769230769231,,1
50,NASA,4,1.2,11,5,348.2392583720865,0.9615384615384616,,1
50,NASA,5,1.2,11,5,364.6285952285609,0.9230769230769231,,1
50,NASA,6,1.2,11,5,337.2657557538035,0.9230769230769231,,1
50,NASA,7,1.2,11,5,357.1542545369769,0.8076923076923077,,1
50,NASA,8,1.2,11,5,386.35631740589406,0.8846153846153846,,1
50,NASA,9,1.2,11,5,323.61180778561436,0.8846153846153846,,1
50,NASA,10,1.2,11,5,341.1204912925679,0.8846153846153846,,1
50,NASA,11,1.2,11,5,344.7038329466744,0.9423076923076923,,1
50,NASA,12,1.2,11,5,325.9229579745843,0.9423076923076923,,1
50,NASA,13,1.2,11,5,386.65205252237223,0.9615384615384616,,1
50,NASA,14,1.2,11,5,363.0201692862797,0.9615384615384616,,1
50,NASA,15,1.2,11,5,340.87576105898285,0.9615384615384616,,1
50,NASA,16,1.2,11,5,368.78314257704534,0.9615384615384616,,1
50,NASA,17,1.2,11,5,357.3302880900558,0.6923076923076923,,1
50,NASA,18,1.2,11,5,373.6485104289961,0.8846153846153846,,1
50,NASA,19,1.2,11,5,365.47961463596914,0.8461538461538461,,1
50,CALCE,0,1.2,9,9,49.16565922618379,0.8055555555555556,0.31497393668840884,3
50,CALCE,1,1.2,9,9,48.25526140595585,0.7222222222222222,0.31922523363385963,3
50,CALCE,2,1.2,9,9,58.48156999687042,0.8055555555555556,0.3849071548564077,3
50,CALCE,3,1.2,9,9,51.928597838045775,0.8333333333333334,0.3412685003724569,3
50,CALCE,4,1.2,9,9,59.327383399547514,0.8055555555555556,0.3863012305979842,3
50,CALCE,5,1.2,9,9,53.73706619486052,0.8055555555555556,0.34914620289574866,3
50,CALCE,6,1.2,9,9,42.971677211819596,0.8055555555555556,0.29702923766087147,3
50,CALCE,7,1.2,9,9,54.630641184841856,0.6666666666666666,0.3693549567126552,3
50,CALCE,8,1.2,9,9,53.41341653137508,0.8333333333333334,0.3525738459170844,3
50,CALCE,9,1.2,9,9,49.26939653222567,0.75,0.32965235595337894,3
50,CALCE,10,1.2,9,9,37.29267925638089,0.8055555555555556,0.3004895147079292,3
50,CALCE,11,1.2,9,9,48.28698675244476,0.8333333333333334,0.3260958344895334,3
50,CALCE,12,1.2,9,9,42.04964338583411,0.7777777777777778,0.3168746987129123,3
50,CALCE,13,1.2,9,9,45.56972003600096,0.8333333333333334,0.31978740711566744,3
50,CALCE,14,1.2,9,9,60.60873166527422,0.75,0.40113606438743316,3
50,CALCE,15,1.2,9,9,49.289988733578475,0.6944444444444444,0.332061552230767,3
50,CALCE,16,1.2,9,9,50.61246580740689,0.7777777777777778,0.3303191011070355,3
50,CALCE,17,1.2,9,9,53.5104600848476,0.7777777777777778,0.3533253655196318,3
50,CALCE,18,1.2,9,9,40.36085807028063,0.8055555555555556,0.2957939080020903,3
50,CALCE,19,1.2,9,9,46.62764024854121,0.8333333333333334,0.3245856037238385,3
50,HUST,0,2.0,77,77,72.97726134274033,0.6242735042735043,0.13500779988898928,7
50,HUST,1,2.0,77,77,35.172261088863316,0.6217094017094017,0.14107210198602158,7
50,HUST,2,2.0,77,77,64.60609868079234,0.6446153846153846,0.13666243708493253,7
50,HUST,3,2.0,77,77,42.45208543086768,0.6403418803418803,0.14078602269914578,7
50,HUST,4,2.0,77,77,88.87215221486298,0.6008547008547008,0.13651269490514933,7
50,HUST,5,2.0,77,77,65.3264913192138,0.648034188034188,0.13613128804937033,7
50,HUST,6,2.0,77,77,128.51518297713332,0.5931623931623932,0.133952952732979,7
50,HUST,7,2.0,77,77,74.51054415443375,0.6165811965811966,0.13773644700522925,7
50,HUST,8,2.0,77,77,73.49134377496905,0.6326495726495727,0.13462496302244478,7
50,HUST,9,2.0,77,77,86.60862624116916,0.6157264957264957,0.13678401483762725,7
50,HUST,10,2.0,77,77,70.504556828704,0.6304273504273504,0.13689599798729898,7
50,HUST,11,2.0,77,77,56.17899590093327,0.6271794871794871,0.14116379935525877,7
50,HUST,12,2.0,77,77,68.64514911082084,0.658974358974359,0.1388642840069607,7
50,HUST,13,2.0,77,77,79.29606535291484,0.6341880341880342,0.13437078472917097,7
50,HUST,14,2.0,77,77,59.55363751272381,0.6564102564102564,0.13651404681980844,7
50,HUST,15,2.0,77,77,98.79442185899964,0.5988034188034188,0.1365350575598583,7
50,HUST,16,2.0,77,77,53.2380045728961,0.5868376068376069,0.13916004840824056,7
50,HUST,17,2.0,77,77,111.00400645664172,0.6526495726495727,0.13392331036407276,7
50,HUST,18,2.0,77,77,88.8177174579089,0.6526495726495727,0.13271100252651782,7
50,HUST,19,2.0,77,77,92.62830050682872,0.6042735042735042,0.13706975380385075,7
100,MIT,0,1.2,124,43,198.3280173874166,0.6848575367647058,0.14514535682911414,5
100,MIT,1,1.2,124,43,202.45216699503524,0.7130055147058824,0.14443877205915848,5
100,MIT,2,1.2,124,43,173.69948030369028,0.6162683823529411,0.14463111477493942,5
100,MIT,3,1.2,124,43,174.65922408075627,0.7092141544117647,0.1431945806637846,5
100,MIT,4,1.2,124,43,193.01918034319917,0.6075367647058824,0.14382089114236601,5
100,MIT,5,1.2,124,43,164.74498179248928,0.3947610294117647,0.1477489977190134,5
100,MIT,6,1.2,124,43,161.05821842665492,0.6022518382352942,0.14447784767699626,5
100,MIT,7,1.2,124,43,149.11123928642334,0.70703125,0.14480792351470512,5
100,MIT,8,1.2,124,43,160.12683104713022,0.6979549632352942,0.143372648088142,5
100,MIT,9,1.2,124,43,187.66070193223726,0.5150505514705882,0.14543634854295623,5
100,MIT,10,1.2,124,43,182.77723310110747,0.6499310661764706,0.1457003022017853,5
100,MIT,11,1.2,124,43,171.19660808936504,0.6965762867647058,0.14299931778290917,5
100,MIT,12,1.2,124,43,216.94362956866144,0.7248391544117647,0.14582235397271393,5
100,MIT,13,1.2,124,43,156.71832554802424,0.7204733455882353,0.1423848700584163,5
100,MIT,14,1.2,124,43,134.40738504185057,0.6841681985294118,0.1452864077226498,5
100,MIT,15,1.2,124,43,114.14597871162965,0.7640165441176471,0.14428571006375143,5
100,MIT,16,1.2,124,43,173.58249958467903,0.34225643382352944,0.14517082688093874,5
100,MIT,17,1.2,124,43,218.46734751619294,0.7383961397058824,0.14552735240077028,5
100,MIT,18,1.2,124,43,177.34330520667407,0.677734375,0.14450085367546203,5
100,MIT,19,1.2,124,43,202.93709320923375,0.6954273897058824,0.14475780217258577,5
100,XJTU,0,1.2,39,21,190.5149689834231,0.4911894273127753,0.05506475425707345,3
100,XJTU,1,1.2,39,21,103.58609635042453,0.3590308370044053,0.0666288103117325,3
100,XJTU,2,1.2,39,21,208.6794137696716,0.43171806167400884,0.057801111972272605,3
100,XJTU,3,1.2,39,21,220.54113231627102,0.44493392070484583,0.05670674438904701,3
100,XJTU,4,1.2,39,21,208.20814757959062,0.46916299559471364,0.05743778157335753,3
100,XJTU,5,1.2,39,21,175.05110646775597,0.44273127753303965,0.05706224543761232,3
100,XJTU,6,1.2,39,21,231.9804274604857,0.3920704845814978,0.059501383017693976,3
100,XJTU,7,1.2,39,21,200.85277182820437,0.41629955947136565,0.05994895366199767,3
100,XJTU,8,1.2,39,21,218.44608689315393,0.42731277533039647,0.05957642688237617,3
100,XJTU,9,1.2,39,21,217.62392065538813,0.46916299559471364,0.0556849675244858,3
100,XJTU,10,1.2,39,21,229.4823951476663,0.45154185022026433,0.0582053820014166,3
100,XJTU,11,1.2,39,21,212.51952159306256,0.473568281938326,0.05523432702524465,3
100,XJTU,12,1.2,39,21,221.44395627861954,0.43392070484581496,0.05675601278425155,3
100,XJTU,13,1.2,39,21,218.34834550399412,0.4647577092511013,0.05693568876578452,3
100,XJTU,14,1.2,39,21,225.23365426566403,0.45594713656387664,0.056327526627152846,3
100,XJTU,15,1.2,39,21,144.92285016862218,0.4008810572687225,0.06427861357283746,3
100,XJTU,16,1.2,39,21,219.3471935978293,0.42951541850220265,0.05710870684177355,3
100,XJTU,17,1.2,39,21,195.92273348296908,0.3898678414096916,0.058297340752629774,3
100,XJTU,18,1.2,39,21,123.42949810428476,0.43171806167400884,0.06388344105706954,3
100,XJTU,19,1.2,39,21,112.53722623978486,0.36784140969163,0.06639619709986462,3
100,TJU,0,1.2,119,75,49.184553623983554,0.5378270762229806,0.19002103855038424,5
100,TJU,1,1.2,119,75,42.65831915033695,0.5713879408418657,0.16762971503509136,5
100,TJU,2,1.2,119,75,46.53649504490103,0.6050910125142207,0.1834102898989189,5
100,TJU,3,1.2,119,75,47.625006546362506,0.5793515358361775,0.17565065789244744,5
100,TJU,4,1.2,119,75,40.04990097304841,0.5847554038680318,0.17912192749265496,5
100,TJU,5,1.2,119,75,41.13987466697196,0.6535836177474402,0.1639881878410614,5
100,TJU,6,1.2,119,75,45.23287614291861,0.5958475540386803,0.17060513628384774,5
100,TJU,7,1.2,119,75,44.52582602690579,0.6163253697383391,0.17010760392233137,5
100,TJU,8,1.2,119,75,57.381658938612965,0.5649886234357224,0.18364142588845353,5
100,TJU,9,1.2,119,75,46.210473566835205,0.5385381114903299,0.1752804173541026,5
100,TJU,10,1.2,119,75,38.75257738849333,0.5880261660978384,0.17191598772946318,5
100,TJU,11,1.2,119,75,47.36556898680243,0.5853242320819113,0.17569476418335866,5
100,TJU,12,1.2,119,75,50.778360524846065,0.6070819112627986,0.18615794611934397,5
100,TJU,13,1.2,119,75,44.52190530484236,0.5962741751990899,0.1878644591119467,5
100,TJU,14,1.2,119,75,51.109734652875794,0.5617178612059158,0.17511968341536005,5
100,TJU,15,1.2,119,75,51.11840506544676,0.5675483503981797,0.17940115352054997,5
100,TJU,16,1.2,119,75,51.95922348283365,0.5494880546075085,0.18434593491169468,5
100,TJU,17,1.2,119,75,48.766081372503024,0.5263083048919226,0.1783170833285674,5
100,TJU,18,1.2,119,75,43.528266000229834,0.571103526734926,0.1821758190639708,5
100,TJU,19,1.2,119,75,39.827419363339544,0.5994027303754266,0.17234402096360027,5
100,NASA,0,0.6,8,3,201.43734447254212,0.7777777777777778,,1
100,NASA,1,0.6,8,3,268.29910478964365,0.7777777777777778,,1
100,NASA,2,0.6,8,3,155.33133014587085,0.7777777777777778,,1
100,NASA,3,0.6,8,3,224.43250703306842,0.7777777777777778,,1
100,NASA,4,0.6,8,3,166.71875780535,0.7777777777777778,,1
100,NASA,5,0.6,8,3,144.50502302829818,0.7777777777777778,,1
100,NASA,6,0.6,8,3,165.9887347037589,0.7777777777777778,,1
100,NASA,7,0.6,8,3,125.42996825996029,0.8888888888888888,,1
100,NASA,8,0.6,8,3,244.54773202291506,0.8888888888888888,,1
100,NASA,9,0.6,8,3,154.66346545708407,0.5555555555555556,,1
100,NASA,10,0.6,8,3,103.58057330498262,0.7777777777777778,,1
100,NASA,11,0.6,8,3,147.73156665062655,0.3333333333333333,,1
100,NASA,12,0.6,8,3,188.54602812202822,0.8888888888888888,,1
100,NASA,13,0.6,8,3,140.86583574159246,0.7777777777777778,,1
100,NASA,14,0.6,8,3,198.2471038681161,0.8888888888888888,,1
100,NASA,15,0.6,8,3,212.42313787515798,0.7777777777777778,,1
100,NASA,16,0.6,8,3,138.77013304779948,0.7777777777777778,,1
100,NASA,17,0.6,8,3,237.4917360626168,0.8888888888888888,,1
100,NASA,18,0.6,8,3,163.47428538951326,0.7777777777777778,,1
100,NASA,19,0.6,8,3,154.8062977061991,0.7777777777777778,,1
100,CALCE,0,1.2,9,9,49.191472893818684,0.7777777777777778,0.2544621270351074,3
100,CALCE,1,1.2,9,9,48.80951311295453,0.7777777777777778,0.24992160734417515,3
100,CALCE,2,1.2,9,9,58.54554916814209,0.7777777777777778,0.2916706290435675,3
100,CALCE,3,1.2,9,9,49.777714527670916,0.7777777777777778,0.23071183350129876,3
100,CALCE,4,1.2,9,9,35.86466270458999,0.7777777777777778,0.19255574111050158,3
100,CALCE,5,1.2,9,9,48.61766077629288,0.7777777777777778,0.23337970633982058,3
100,CALCE,6,1.2,9,9,42.59298279449412,0.7777777777777778,0.20585430984518188,3
100,CALCE,7,1.2,9,9,38.56303724817576,0.75,0.2068423653449279,3
100,CALCE,8,1.2,9,9,34.47957010431697,0.8055555555555556,0.18787069453131358,3
100,CALCE,9,1.2,9,9,45.480945086729555,0.8333333333333334,0.24551904965836752,3
100,CALCE,10,1.2,9,9,45.0654134095055,0.8055555555555556,0.1777144244965212,3
100,CALCE,11,1.2,9,9,43.776160817166264,0.7777777777777778,0.224785184437009,3
100,CALCE,12,1.2,9,9,40.4561258323489,0.8055555555555556,0.22540669074643535,3
100,CALCE,13,1.2,9,9,47.102659627437596,0.8055555555555556,0.22911345700307623,3
100,CALCE,14,1.2,9,9,40.37727804317295,0.8055555555555556,0.22763218581147637,3
100,CALCE,15,1.2,9,9,45.156983562833666,0.8055555555555556,0.2434602999698439,3
100,CALCE,16,1.2,9,9,54.06636809033878,0.7777777777777778,0.2783672916419057,3
100,CALCE,17,1.2,9,9,35.39408788025306,0.7777777777777778,0.20341735244026488,3
100,CALCE,18,1.2,9,9,45.966890308043055,0.8055555555555556,0.24914818585061624,3
100,CALCE,19,1.2,9,9,50.64599234961389,0.7777777777777778,0.24942974120437972,3
100,HUST,0,1.2,77,77,50.32401437299263,0.6555555555555556,0.11669433339766874,7
100,HUST,1,1.2,77,77,61.25113849688167,0.581025641025641,0.12119525639944483,7
100,HUST,2,1.2,77,77,32.8623746698107,0.6042735042735042,0.11798751575133713,7
100,HUST,3,1.2,77,77,50.39404161943315,0.5712820512820512,0.11926296784402142,7
100,HUST,4,1.2,77,77,31.043588649556682,0.5823931623931624,0.11950327014815315,7
100,HUST,5,1.2,77,77,20.33038924622153,0.6246153846153846,0.11952809518259352,7
100,HUST,6,1.2,77,77,53.896821913266265,0.6702564102564103,0.1163253765049777,7
100,HUST,7,1.2,77,77,44.42568779016134,0.5854700854700855,0.11944661456492917,7
100,HUST,8,1.2,77,77,49.08155488697602,0.5948717948717949,0.12020915361114828,7
100,HUST,9,1.2,77,77,41.07498023376938,0.5827350427350427,0.11939403188304869,7
100,HUST,10,1.2,77,77,53.831422347064716,0.5705982905982906,0.12112245766786901,7
100,HUST,11,1.2,77,77,45.2406090658798,0.5617094017094018,0.12072228960812909,7
100,HUST,12,1.2,77,77,46.2234453787006,0.6251282051282051,0.11748821353340021,7
100,HUST,13,1.2,77,77,41.249945870060564,0.5594871794871795,0.12083796667013479,7
100,HUST,14,1.2,77,77,51.125259731683684,0.5967521367521368,0.11937858794698965,7
100,HUST,15,1.2,77,77,56.54941579072856,0.642051282051282,0.11782856484268042,7
100,HUST,16,1.2,77,77,48.15410495963764,0.5570940170940171,0.12110750085830722,7
100,HUST,17,1.2,77,77,52.17070366380935,0.5972649572649573,0.12064090642881477,7
100,HUST,18,1.2,77,77,33.49925278860181,0.5393162393162393,0.1221636052741348,7
100,HUST,19,1.2,77,77,51.881132035794174,0.5813675213675213,0.11933394192718072,7
