landmark,held_out_domain,model,training_variant,n_target_common,n_target_events,fit_converged,harrell_c,event_medape_pct,grid_integrated_brier,n_supported_horizons
50,MIT,xgb_aft,before_source_correction,124,43,1,0.7591911764705882,291.8875455856323,0.1507184531181276,5
50,MIT,xgb_aft,certified_v3,124,43,1,0.7288602941176471,98.1439260490836,0.14503143814164715,5
50,MIT,cox,before_source_correction,124,43,1,0.6996783088235294,216.76767676767676,0.1654817005660237,5
50,MIT,cox,certified_v3,124,43,1,0.69140625,235.68548387096774,0.1862736689360543,5
50,XJTU,xgb_aft,before_source_correction,39,21,1,0.2753303964757709,55.4280350847942,0.2625322117979346,3
50,XJTU,xgb_aft,certified_v3,39,21,1,0.21585903083700442,67.56186019869361,0.3870243603907368,3
50,XJTU,cox,before_source_correction,39,21,1,0.2599118942731278,23.79421221864952,0.140432508383686,3
50,XJTU,cox,certified_v3,39,21,1,0.2555066079295154,24.59807073954984,0.15105802629718798,3
50,TJU,xgb_aft,before_source_correction,119,75,1,0.47966439135381117,41.75737463909647,0.2215097982724364,5
50,TJU,xgb_aft,certified_v3,119,75,1,0.47966439135381117,41.75737463909647,0.2215097982724364,5
50,TJU,cox,before_source_correction,119,75,1,0.5511945392491467,49.557522123893804,0.21310682674972783,5
50,TJU,cox,certified_v3,119,75,1,0.5511945392491467,49.557522123893804,0.21310682674972783,5
50,NASA,xgb_aft,before_source_correction,11,5,1,0.9615384615384616,425.6952101184476,,1
50,NASA,xgb_aft,certified_v3,11,5,1,0.9615384615384616,340.5811360677083,,1
50,NASA,cox,before_source_correction,11,5,1,0.23076923076923078,486.66666666666663,,1
50,NASA,cox,certified_v3,11,5,1,0.2692307692307692,462.29508196721315,,1
50,CALCE,xgb_aft,before_source_correction,9,9,1,0.8888888888888888,38.43145024591159,0.3084112995870822,3
50,CALCE,xgb_aft,certified_v3,9,9,1,0.8055555555555556,49.16566093012972,0.31497393668840884,3
50,CALCE,cox,before_source_correction,9,9,1,0.6111111111111112,23.217247097844112,0.032924517108925924,3
50,CALCE,cox,certified_v3,9,9,1,0.6944444444444444,12.454212454212454,0.034093017154968985,3
50,HUST,xgb_aft,before_source_correction,77,77,1,0.527008547008547,161.85324908302283,0.14405922669613022,7
50,HUST,xgb_aft,certified_v3,77,77,1,0.6242735042735043,72.97727252365253,0.13500779988898928,7
50,HUST,cox,before_source_correction,77,77,1,0.4618803418803419,37.332521315468945,0.17214570046061847,7
50,HUST,cox,certified_v3,77,77,1,0.4666666666666667,38.75683283324916,0.1734036566690033,7
100,MIT,xgb_aft,before_source_correction,124,43,1,0.8403033088235294,290.8161794106791,0.14856709015203814,5
100,MIT,xgb_aft,certified_v3,124,43,1,0.6848575367647058,198.32803128945707,0.14514535682911414,5
100,MIT,cox,before_source_correction,124,43,1,0.6528033088235294,230.1052631578947,0.17197780737061583,5
100,MIT,cox,certified_v3,124,43,1,0.6748621323529411,240.3225806451613,0.18541216738834795,5
100,XJTU,xgb_aft,before_source_correction,39,21,1,0.40969162995594716,188.93878762492068,0.05584056275294312,3
100,XJTU,xgb_aft,certified_v3,39,21,1,0.4911894273127753,190.5149776694829,0.05506475425707345,3
100,XJTU,cox,before_source_correction,39,21,1,0.3303964757709251,25.818882466281313,0.07143318196642957,3
100,XJTU,cox,certified_v3,39,21,1,0.33480176211453744,13.620689655172413,0.07808297080232536,3
100,TJU,xgb_aft,before_source_correction,119,75,1,0.5378270762229806,49.1845492658944,0.19002103855038424,5
100,TJU,xgb_aft,certified_v3,119,75,1,0.5378270762229806,49.1845492658944,0.19002103855038424,5
100,TJU,cox,before_source_correction,119,75,1,0.638509670079636,35.09060955518946,0.1797112850376845,5
100,TJU,cox,certified_v3,119,75,1,0.638509670079636,35.09060955518946,0.1797112850376845,5
100,NASA,xgb_aft,before_source_correction,8,3,1,0.8333333333333334,184.25932384672618,,1
100,NASA,xgb_aft,certified_v3,8,3,1,0.7777777777777778,201.43734886532738,,1
100,NASA,cox,before_source_correction,8,3,1,0.3333333333333333,53.2258064516129,,1
100,NASA,cox,certified_v3,8,3,1,0.3333333333333333,35.483870967741936,,1
100,CALCE,xgb_aft,before_source_correction,9,9,1,0.8333333333333334,39.32507766960816,0.194152947568742,3
100,CALCE,xgb_aft,certified_v3,9,9,1,0.7777777777777778,49.191473926287244,0.2544621270351074,3
100,CALCE,cox,before_source_correction,9,9,1,0.6944444444444444,17.84841075794621,0.09456452821017154,3
100,CALCE,cox,certified_v3,9,9,1,0.7222222222222222,15.892420537897312,0.10229584845869442,3
100,HUST,xgb_aft,before_source_correction,77,77,1,0.5353846153846153,89.17390397451457,0.131584308506614,7
100,HUST,xgb_aft,certified_v3,77,77,1,0.6555555555555556,50.32401339506427,0.11669433339766874,7
100,HUST,cox,before_source_correction,77,77,1,0.4748717948717949,41.30062749572162,0.1675071843542763,7
100,HUST,cox,certified_v3,77,77,1,0.5046153846153846,35.445420326223335,0.1684696077225104,7
