path,bytes,sha256
eda/rebuild_v4/00_protocol_and_budget.py,5407,1028f3c589ffd0520ba89718325b003684be9f65e380021ef13e02ab23737220
eda/rebuild_v4/01_residual_survival_benchmark.py,17673,a83418066e20614a7e8db7e6acf751c95b9faf43a29ef0d24c17efb3044de8b7
eda/rebuild_v4/01b_aft_seed_sensitivity.py,5965,dc61fed55b7b5cbcb33dc61d2e329b409cdbde47b4c37738e195c0f0ab4497dc
eda/rebuild_v4/02_target_recalibration.py,11106,5ce46a0f50580bea302262084b97a60ad774d25f815b551a777dcee16e848318
eda/rebuild_v4/02a_select_shift_prior.py,4484,b5e5e0640b135f35e7136944ee435171256d5fc8598ea2353e69e7c09f2bd5c0
eda/rebuild_v4/02b_recalibration_seed_budget.py,6764,412e0212d732aad7e5f95542c8642431af0195c4537c2313e589fcbf84de243a
eda/rebuild_v4/03_validate_v4.py,8657,fddd5d4933e09f1bf8b3f7960d28a8323e92bdb94d1bca6e16fd1edc4e7e54a8
eda/rebuild_v4/04_endpoint_model_sensitivity.py,8639,8f19ffac1d15eb7a5237848b0511e0e42446503dca64e529943317f55e4c5a54
eda/rebuild_v4/05_source_correction_ablation.py,9691,9212245ac214bbf4f4c526177d53900dc93dd9c9424f5fc46f336d9010e52750
eda/rebuild_v4/06_make_figures.py,11942,22874e1d026677a730069c346bb01f359b0cbecb7ebd04d414b44559fcc0f633
eda/rebuild_v4/07_verify_claims_and_manifest.py,8536,fe27153adc66ae9f69a8df796056117685dd86a263ac85d06561125142c1b42e
eda/rebuild_v4/08_within_domain_event_regression.py,13065,74682b9bb2dcef5f13cb43cef6369bbfc4ca05c8fd3fa117e0dc64dcafa096ed
eda/rebuild_v4/08c_evidence_sensitivity.py,5852,3a580aec201e4260bff9d17cc8cfa7d83d7d019fe2cb1d311dea707604e8f05d
eda/rebuild_v4/08p_protocol_transfer.py,7362,cddb2e21fc9fcbabaf10ce45a59ca03370522b698f6b171b19148f97465f6619
eda/rebuild_v4/09_reference_metadata_audit.py,4935,99766b13127cdf454f6d2f728d101c29a8bfdbf8bdafb5969bb4704523dd639d
eda/rebuild_v4/10_order_references.py,1309,b19ace8fd0e7b06bd144b3daad6b8e0b10d748c333b4b419c915aed3e164d9c7
eda/rebuild_v4/11_make_graphical_abstract.py,2648,6df29b54e882aa9a266623bd0d0b73609219ef3eabb381b3f16b8168f7d92323
eda/rebuild_v4/benchmark_config.json,608,862fd4b79591787b93ee09e499c9d4ff4f28f1bff90d3d1cd8896956c736a82b
eda/rebuild_v4/benchmark_horizons.csv,34464,7fd2b934c5aa4087494abe16910d4ed24028fc36ac6b53df436ade45ebd526f2
eda/rebuild_v4/benchmark_metrics.csv,5475,401e4abd6ed24b58b1e6b39139b689b5a9737b9628ac49d1d7496e91d2472d2f
eda/rebuild_v4/benchmark_predictions.csv,888251,590d518d107d755db8dd13bf5e270a9532481d8820f4648f59b984c652063483
eda/rebuild_v4/calibration_budget_feasibility.csv,5105,5687641886af24fa20ca1a83d6cf8ae55e8b44c0a19ca8d26a68c9b7c28fe334
eda/rebuild_v4/endpoint_common_cohort.csv,777,3d01972586e17c8f9e18834edd03ca872bb3d1749ea7976bb7535e8c68c003cc
eda/rebuild_v4/endpoint_model_horizons.csv,17012,a9f5d42d9a0753354fe714cdecda13dab30997a6b993acb6f8806e7f6f60ec46
eda/rebuild_v4/endpoint_model_metrics.csv,15150,3c82608819184d7225e5ce08c32dde7e7e87cab0667467d87184857878af31f2
eda/rebuild_v4/endpoint_model_predictions.csv,245508,badf2692133d16957e184a72c2de9126a7ae2f8f15bb8656e2d6f80cb38c3dca
eda/rebuild_v4/endpoint_sensitivity_protocol.json,548,2e1ff963ad0c1ca06be9ef10cc742f0e932ea4ebf63831e865cc5f857438bca1
eda/rebuild_v4/evidence08_horizons.csv,19571,3f002c29b4fbc0f23d761ff4d5e10c533812e5cc60bdfebb48f528b6228e3efc
eda/rebuild_v4/evidence08_membership.csv,34165,6dad03f97f96956d6ee98afb13dc24b6ec6da89a2dfb11634fed51e39b4170a1
eda/rebuild_v4/evidence08_metrics.csv,4063,2009526e8ef772fbe981b9ed7394e97cc457bffb8aa4179392d527d4a9775bf6
eda/rebuild_v4/evidence08_predictions.csv,543992,4fc2aed7859ce18378b149e8a48a5d85d6fd7e5dc0157566f8a45ecc256bbcd3
eda/rebuild_v4/evidence08_protocol.json,1757,823a7a3b85e90ac74f58dd6f13f494145364360e8b9ff7dbf2dca34076ca50bf
eda/rebuild_v4/evidence08_sensitivity.csv,15670,db5dc9c22eaf35df48eca56c6ca47c277dd42d4537cef9ce643bbdb32da79a26
eda/rebuild_v4/evidence08_sensitivity_summary.json,5469,4799cc2608682264ba9062392d8d1c8c4a4da1a645b84185b43f8bfdf28ee8ce
eda/rebuild_v4/evidence08p_groups.csv,805,11333abc83aaf6fd72eaac731fbf1c1746c871a576f9d7a2efcf46ccaccc3648
eda/rebuild_v4/evidence08p_horizons.csv,3882,ddbc3474e2242853c87472c53e6cb107f012a7280e812ff0d836e05662b7b5e0
eda/rebuild_v4/evidence08p_metrics.csv,699,9394c58779bc69ff4b84c0c2656abdf616436d2d2846cfb0fe6c0f73fe6b0332
eda/rebuild_v4/evidence08p_predictions.csv,78517,7e065a7ece101e440892d9366b0b1159d23622d201abc888290086d0ca2202e7
eda/rebuild_v4/evidence08p_protocol.json,791,01c9b71aff2e5ffab52e41d31e11e553fb1ab39103f853c0b5e53bb3dfed4ffc
eda/rebuild_v4/protocol_v4.json,2332,57cd3a8b16866937dc76a628c1c40214f8e755a75b25ea0feb2a06c7f1aa55b2
eda/rebuild_v4/README.md,6339,db8b74b8b12f56f29dac28d27c00bdd5a1f4be46eddf178806ab977ae526a0db
eda/rebuild_v4/recalibration_budget_summary.json,33329,0b64ea5d44985c51924e1a4f8695776a6d3b1825c5e6e7c4b5d6179ab6d065f4
eda/rebuild_v4/recalibration_horizons.csv,917826,627b4205ed3f6790d4f52d41eb613e53b1ae6527536709bd2e14303ff06c029d
eda/rebuild_v4/recalibration_membership.csv,5044220,6792e7645d755f782eea185426e5bac223d2bd9c1be4a4d46f87a51eb9ef7356
eda/rebuild_v4/recalibration_scores.csv,202015,07fffe260b7ee044440b9e71216d352eb51aefac5a08e34b8073f2de22e0dab0
eda/rebuild_v4/reference_metadata_audit.csv,7757,6463cb03535118260f8017be150163bf77a1f834f9cb455d2052815f2f5268f2
eda/rebuild_v4/reference_metadata_audit_all_reviewed.csv,10742,c516167a97ae1540211b6d9fa7484c59af289035a10c5a20454f08ee6dc8c57c
eda/rebuild_v4/requirements.txt,119,aeece96a1cc0452c920592f468ddb5881dda7d40b5e7ded27602ebafe1d6a31d
eda/rebuild_v4/seed_metrics.csv,18689,00d70215a0033f90b386b4f1f17cd014c13df88a5a31843b53ec0c65fe00a1d8
eda/rebuild_v4/seed_predictions.csv,1167275,76a72d3fd047abde3f9c19b00f2cbfad7c190e26e2eb27b7d141bd10d241f9a1
eda/rebuild_v4/seed_sensitivity.json,8615,092eb7295f4f41ef85391593a6b7d561112f9caa231afef66ec8a204b17de574
eda/rebuild_v4/seed_target_recalibration_scores.csv,672518,9ffc50babf6ca9bac40b07a269371ff25c106b7f6db2cfc25f4ef34bd51d5ae5
eda/rebuild_v4/seed_target_recalibration_summary.json,6842,337f3648d3e59eef690f11dd5ed7192b0da909f7fbb67ccf272ed486ae1ded24
eda/rebuild_v4/source_correction_cohort.csv,481,1ce324119f27cfb26f44e97c12ca47325e7ba61bfc4cbbe8705fa26ba7642b18
eda/rebuild_v4/source_correction_metrics.csv,4860,deca8ea8229aadb7fafe7427c8fcd562e8e2b0981ac9486a22c9bf22eae1e402
eda/rebuild_v4/source_correction_predictions.csv,215000,259d59955e325a9a324cfdcf6b4538f2f351bf4e3ca5278b8e6221d537ff345b
eda/rebuild_v4/source_correction_protocol.json,553,62b64b367d2adc625349e90d72ae7794f65495894e32db4468bf9e9e2a0bd186
eda/rebuild_v4/source_prior_selection.json,688,4e98d42d6a64cf4572a673c4192e0aa358373ca7ec02a2d228254d8445db9d19
eda/rebuild_v4/source_prior_validation.csv,79062,661db6d7b9a24c2682ca7903754d5f8ffb6526c999e7aa6e1ad70b8f72eb2d76
eda/rebuild_v4/source_validation_results.csv,48866,fddb3a0aaceba9d40eb2a7bc25c32817f502d47ec76684121d359e7633d8c857
figures_v4/fig_v4_benchmark_brier.pdf,23118,460faa167e92e4ba228d858334b453d1dccd91b80a8d38416215f1a336ed0a41
figures_v4/fig_v4_benchmark_brier.png,215816,1e6eca95a17c4c2935c6462d5cf075fd62cf16acd1d0d5e1157f4eee053b1ffd
figures_v4/fig_v4_endpoint_model_sensitivity.pdf,25752,b00199b1b1e1f5d5a2bb6768c59ec4453885e836a74d497ad6d8321156f4e3d6
figures_v4/fig_v4_endpoint_model_sensitivity.png,233555,d584d9f10a2b6605833acc6ecb8f44088427386545d4ce0bad8e7b7cea16ede9
figures_v4/fig_v4_source_cohort.pdf,47051,aaba127d173201c4a0861530b5b4d18ae816a223da4d0e8af859036815a2e5b9
figures_v4/fig_v4_source_cohort.png,96180,7fd8f70f59cd289938d3d127836fa9b7a25b807bcceaa332fd930a8cfd4d6e4f
figures_v4/fig_v4_source_correction.pdf,18870,bd01de767e3f87977720880f586d10080dedd7bc908e947697433d9194cd78be
figures_v4/fig_v4_source_correction.png,77241,800fa3e5626ba3b135eaf03bdbe3a18cc60b1fe146a5beb0c7df6563224f77d9
figures_v4/fig_v4_survival_calibration.pdf,21463,5dc235c05c5c7a3623a3762a2b8c57310feff240ec70ecc3b231054e54b690f2
figures_v4/fig_v4_survival_calibration.png,125745,1e54a2aa5d070a1599d554d2d0c20c219d26a760b4ca44893dcf580dc0c35533
figures_v4/fig_v4_target_recalibration.pdf,27180,01048182cc8e3ead2b4947c25fad8ecd301c2f3272f6333332579fea859d96a7
figures_v4/fig_v4_target_recalibration.png,225279,c82ebe9a21fe5d02df43769ed29af71d77afe656288f0c710ca271e1a62ff12e
figures_v4/graphical_abstract_v4.pdf,33006,d91b371baf054ee2cfd0565c8fa9dd4a89d05421c9f94c497954954c332b428c
figures_v4/graphical_abstract_v4.png,233867,35c3cf3c1eabad322eecab467518299a285ce68400cf6598d7f72793ac0f4f9b
AE_paper_elsarticle_v4.tex,31231,e752c14dd02f42240f63f04705405d86f5310632aee6e357596576020c694065
AE_paper_elsarticle_v4.pdf,239426,b9484c8961b15d363b4902c1c478ac2f0936f268e4ec0a4a7afa9e6d1aa77b36
AE_V4_REVISION_REPORT.md,7899,e84e9bc66824bf2090ecd5dc129dc852f6d64a5b02aa2c03a119b979e9a73dfe
AE_REVIEW_REVISION_EXECUTION_PLAN.md,17490,4534803e31e15b8b77e39ab898c4c27ff103b15d8db94ab1e436412092c02a87
AE_PRE_SUBMISSION_EVIDENCE_IMPLEMENTATION.md,8471,6a1ea5059b337110f1c55f53db07e271696c86cc0d820567f338d59dac2e9476
AE_SUBMISSION_V4_README.md,1542,aaedf690f472d5918124cbaeb932f4dccc8c96d757d845d50bb545502d79cb57
AE论文_CoverLetter_v4.md,3069,2a094c6b8a76847796cb481c408dd9173114f4af0991ff39af8073d810052c0c
AE论文_CoverLetter.md,3069,2a094c6b8a76847796cb481c408dd9173114f4af0991ff39af8073d810052c0c
AE论文_Highlights_v4.txt,385,33fbb1c20a0d340b238b97543e3f62bb9520172214a819c79b71a03fe7481fd8
AE论文_Highlights_v4.docx,36943,44086f0b65e920aef19363794d46d6dccb99168a45ff171070bc251690747497
AE论文_Supplementary_v4.md,6309,58994a7ee036bd1a191679cbce1ec0994490284b1890c7595fa1c01677ca7f4d
AE论文_Supplementary_v4.pdf,78632,56e51c48f789c3844242e76ee19edc428634d13f082f4a22c59ec4c0af2615b3
